"subject","eventN","eventCode","timeS","samplingPoint","trial","trialExcluded","eventCodeNew"
6,1,93,4.498047,2304,1,1,-999
6,2,53,6.015625,3081,1,1,-999
6,3,200,6.5625,3361,1,1,-999
6,4,10,7.865234,4028,1,1,-999
6,5,92,9.283203,4754,2,0,92
6,6,52,10.79883,5530,2,0,52
6,7,200,11.47461,5876,2,0,200
6,8,10,12.41602,6358,2,0,10
6,9,93,14.29883,7322,3,1,-999
6,10,51,15.81641,8099,3,1,-999
6,11,200,16.44922,8423,3,1,-999
6,12,10,17.64844,9037,3,1,-999
6,13,92,19,9729,4,0,92
6,14,51,20.51562,10505,4,0,51
6,15,200,21.41406,10965,4,0,200
6,16,10,22.31641,11427,4,0,10
6,17,91,23.81641,12195,5,1,-999
6,18,51,25.33398,12972,5,1,-999
6,19,10,27.16602,13910,5,1,-999
6,20,91,28.55078,14619,6,0,91
6,21,52,30.06836,15396,6,0,52
6,22,200,30.78711,15764,6,0,200
6,23,10,31.7168,16240,6,0,10
6,24,91,33.4668,17136,7,0,91
6,25,52,34.98438,17913,7,0,52
6,26,200,35.67578,18267,7,0,200
6,27,10,36.58398,18732,7,0,10
6,28,93,38.21875,19569,8,1,-999
6,29,51,39.73438,20345,8,1,-999
6,30,200,40.25977,20614,8,1,-999
6,31,10,41.56836,21284,8,1,-999
6,32,92,43.21875,22129,9,0,92
6,33,52,44.73438,22905,9,0,52
6,34,200,45.30273,23196,9,0,200
6,35,10,46.21875,23665,9,0,10
6,36,93,47.91797,24535,10,0,93
6,37,51,49.43555,25312,10,0,51
6,38,200,50.36328,25787,10,0,200
6,39,10,51.31836,26276,10,0,10
6,40,91,53.10156,27189,11,1,-999
6,41,51,54.61914,27966,11,1,-999
6,42,10,56.45312,28905,11,1,-999
6,43,93,57.82031,29605,12,1,-999
6,44,51,59.33594,30381,12,1,-999
6,45,200,60.33594,30893,12,1,-999
6,46,10,61.23633,31354,12,1,-999
6,47,94,62.65234,32079,13,0,94
6,48,53,64.16992,32856,13,0,53
6,49,200,64.71875,33137,13,0,200
6,50,10,65.63672,33607,13,0,10
6,51,92,67.53711,34580,14,0,92
6,52,52,69.05469,35357,14,0,52
6,53,200,69.98242,35832,14,0,200
6,54,10,70.91992,36312,14,0,10
6,55,91,72.50391,37123,15,1,-999
6,56,52,74.02148,37900,15,1,-999
6,57,200,75.00586,38404,15,1,-999
6,58,10,75.92188,38873,15,1,-999
6,59,92,77.45508,39658,16,0,92
6,60,53,78.9707,40434,16,0,53
6,61,200,79.5957,40754,16,0,200
6,62,10,80.50586,41220,16,0,10
6,63,92,82.37109,42175,17,0,92
6,64,52,83.88867,42952,17,0,52
6,65,200,84.45703,43243,17,0,200
6,66,10,85.37109,43711,17,0,10
6,67,92,87.08984,44591,18,1,-999
6,68,53,88.60547,45367,18,1,-999
6,69,10,90.43945,46306,18,1,-999
6,70,94,91.78906,46997,19,1,-999
6,71,52,93.30664,47774,19,1,-999
6,72,200,94.18945,48226,19,1,-999
6,73,10,95.13867,48712,19,1,-999
6,74,93,96.45703,49387,20,0,93
6,75,53,97.97266,50163,20,0,53
6,76,210,98.72656,50549,20,0,210
6,77,20,99.62305,51008,20,0,20
6,78,93,101.1738,51802,21,0,93
6,79,52,102.6895,52578,21,0,52
6,80,200,103.5898,53039,21,0,200
6,81,10,104.4902,53500,21,0,10
6,82,92,106.0234,54285,22,0,92
6,83,53,107.541,55062,22,0,53
6,84,200,108.3496,55476,22,0,200
6,85,10,109.2578,55941,22,0,10
6,86,92,110.8418,56752,23,1,-999
6,87,52,112.3574,57528,23,1,-999
6,88,200,113.1504,57934,23,1,-999
6,89,10,114.1914,58467,23,1,-999
6,90,92,115.9414,59363,24,1,-999
6,91,52,117.459,60140,24,1,-999
6,92,200,118.2109,60525,24,1,-999
6,93,10,119.291,61078,24,1,-999
6,94,91,120.7578,61829,25,1,-999
6,95,51,122.2754,62606,25,1,-999
6,96,200,122.7891,62869,25,1,-999
6,97,10,124.1094,63545,25,1,-999
6,98,92,125.625,64321,26,1,-999
6,99,51,127.1426,65098,26,1,-999
6,100,200,128.0801,65578,26,1,-999
6,101,110,128.9922,66045,26,1,-999
6,102,93,130.7422,66941,27,0,93
6,103,52,132.2598,67718,27,0,52
6,104,200,133.1055,68151,27,0,200
6,105,10,133.9922,68605,27,0,10
6,106,92,135.4766,69365,28,1,-999
6,107,51,136.9922,70141,28,1,-999
6,108,10,138.8262,71080,28,1,-999
6,109,93,140.1426,71754,29,0,93
6,110,51,141.6602,72531,29,0,51
6,111,200,142.3848,72902,29,0,200
6,112,10,143.2773,73359,29,0,10
6,113,91,144.8438,74161,30,1,-999
6,114,52,146.3613,74938,30,1,-999
6,115,200,147.2207,75378,30,1,-999
6,116,10,148.1934,75876,30,1,-999
6,117,94,149.4941,76542,31,0,94
6,118,52,151.0117,77319,31,0,52
6,119,210,151.7598,77702,31,0,210
6,120,110,152.6953,78181,31,0,110
6,121,94,154.4609,79085,32,0,94
6,122,53,155.9785,79862,32,0,53
6,123,200,156.7832,80274,32,0,200
6,124,10,157.6777,80732,32,0,10
6,125,91,159.1113,81466,33,0,91
6,126,52,160.6289,82243,33,0,52
6,127,210,161.6172,82749,33,0,210
6,128,10,162.4961,83199,33,0,10
6,129,94,164.1621,84052,34,0,94
6,130,53,165.6797,84829,34,0,53
6,131,200,166.5234,85261,34,0,200
6,132,10,167.4121,85716,34,0,10
6,133,92,169.1133,86587,35,0,92
6,134,52,170.6289,87363,35,0,52
6,135,200,171.3379,87726,35,0,200
6,136,110,172.2461,88191,35,0,110
6,137,94,174.0625,89121,36,1,-999
6,138,51,175.5801,89898,36,1,-999
6,139,10,177.4141,90837,36,1,-999
6,140,94,179.1133,91707,37,1,-999
6,141,51,180.6309,92484,37,1,-999
6,142,10,182.4629,93422,37,1,-999
6,143,94,183.8633,94139,38,0,94
6,144,52,185.3809,94916,38,0,52
6,145,200,186.168,95319,38,0,200
6,146,10,187.0977,95795,38,0,10
6,147,94,188.5801,96554,39,0,94
6,148,53,190.0977,97331,39,0,53
6,149,200,190.6953,97637,39,0,200
6,150,10,191.5977,98099,39,0,10
6,151,93,193.5488,99098,40,0,93
6,152,51,195.0645,99874,40,0,51
6,153,210,196.0684,100388,40,0,210
6,154,10,197.0156,100873,40,0,10
6,155,93,198.498,101632,41,1,-999
6,156,52,200.0156,102409,41,1,-999
6,157,10,201.8496,103348,41,1,-999
6,158,93,203.166,104022,42,1,-999
6,159,51,204.6816,104798,42,1,-999
6,160,10,206.5156,105737,42,1,-999
6,161,91,207.832,106411,43,1,-999
6,162,53,209.3496,107188,43,1,-999
6,163,200,210.3438,107697,43,1,-999
6,164,10,211.25,108161,43,1,-999
6,165,94,212.8828,108997,44,0,94
6,166,52,214.4004,109774,44,0,52
6,167,200,215,110081,44,0,200
6,168,10,215.916,110550,44,0,10
6,169,94,217.9336,111583,45,0,94
6,170,53,219.4512,112360,45,0,53
6,171,200,220.1016,112693,45,0,200
6,172,10,221,113153,45,0,10
6,173,91,222.8516,114101,46,0,91
6,174,51,224.3672,114877,46,0,51
6,175,200,225.2168,115312,46,0,200
6,176,10,226.1504,115790,46,0,10
6,177,92,227.7168,116592,47,0,92
6,178,52,229.2344,117369,47,0,52
6,179,200,229.9062,117713,47,0,200
6,180,10,230.8008,118171,47,0,10
6,181,94,232.7676,119178,48,1,-999
6,182,53,234.2852,119955,48,1,-999
6,183,200,234.9766,120309,48,1,-999
6,184,10,236.1191,120894,48,1,-999
6,185,91,237.6016,121653,49,0,91
6,186,52,239.1191,122430,49,0,52
6,187,200,239.7949,122776,49,0,200
6,188,10,240.7012,123240,49,0,10
6,189,91,242.4688,124145,50,1,-999
6,190,51,243.9863,124922,50,1,-999
6,191,200,244.8359,125357,50,1,-999
6,192,10,245.8184,125860,50,1,-999
6,193,92,247.3691,126654,51,1,-999
6,194,51,248.8867,127431,51,1,-999
6,195,10,250.7207,128370,51,1,-999
6,196,94,252.3203,129189,52,1,-999
6,197,52,253.8359,129965,52,1,-999
6,198,200,254.6348,130374,52,1,-999
6,199,10,255.6699,130904,52,1,-999
6,200,93,256.9707,131570,53,0,93
6,201,53,258.4863,132346,53,0,53
6,202,200,259.125,132673,53,0,200
6,203,10,260.0215,133132,53,0,10
6,204,92,261.8535,134070,54,1,-999
6,205,52,263.3711,134847,54,1,-999
6,206,200,264.1621,135252,54,1,-999
6,207,10,265.2051,135786,54,1,-999
6,208,94,266.5703,136485,55,0,94
6,209,52,268.0879,137262,55,0,52
6,210,200,268.8809,137668,55,0,200
6,211,10,269.8047,138141,55,0,10
6,212,93,271.2383,138875,56,1,-999
6,213,53,272.7539,139651,56,1,-999
6,214,10,274.5879,140590,56,1,-999
6,215,93,275.9727,141299,57,1,-999
6,216,52,277.4883,142075,57,1,-999
6,217,200,278.4082,142546,57,1,-999
6,218,10,279.3379,143022,57,1,-999
6,219,93,280.9395,143842,58,0,93
6,220,53,282.4551,144618,58,0,53
6,221,200,283.1016,144949,58,0,200
6,222,10,284.0391,145429,58,0,10
6,223,94,285.6387,146248,59,1,-999
6,224,52,287.1562,147025,59,1,-999
6,225,10,288.9902,147964,59,1,-999
6,226,92,290.4902,148732,60,1,-999
6,227,53,292.0059,149508,60,1,-999
6,228,200,292.8477,149939,60,1,-999
6,229,10,293.8398,150447,60,1,-999
6,230,91,295.4395,151266,61,1,-999
6,231,51,296.957,152043,61,1,-999
6,232,10,298.791,152982,61,1,-999
6,233,94,300.5566,153886,62,1,-999
6,234,52,302.0742,154663,62,1,-999
6,235,10,303.9082,155602,62,1,-999
6,236,92,305.5918,156464,63,0,92
6,237,53,307.1074,157240,63,0,53
6,238,200,307.8262,157608,63,0,200
6,239,10,308.7246,158068,63,0,10
6,240,93,310.6582,159058,64,1,-999
6,241,52,312.1758,159835,64,1,-999
6,242,200,312.8203,160165,64,1,-999
6,243,10,314.0078,160773,64,1,-999
6,244,92,315.6914,161635,65,1,-999
6,245,51,317.209,162412,65,1,-999
6,246,10,319.043,163351,65,1,-999
6,247,93,320.5586,164127,66,0,93
6,248,52,322.0762,164904,66,0,52
6,249,200,322.7402,165244,66,0,200
6,250,10,323.6426,165706,66,0,10
6,251,94,325.543,166679,67,1,-999
6,252,53,327.0605,167456,67,1,-999
6,253,200,327.7695,167819,67,1,-999
6,254,10,328.8926,168394,67,1,-999
6,255,93,330.5938,169265,68,0,93
6,256,51,332.1094,170041,68,0,51
6,257,200,332.9551,170474,68,0,200
6,258,10,333.8594,170937,68,0,10
6,259,92,335.4941,171774,69,0,92
6,260,51,337.0098,172550,69,0,51
6,261,200,337.6797,172893,69,0,200
6,262,10,338.5781,173353,69,0,10
6,263,93,340.2441,174206,70,1,-999
6,264,52,341.7617,174983,70,1,-999
6,265,200,342.7441,175486,70,1,-999
6,266,10,343.6602,175955,70,1,-999
6,267,92,345.2773,176783,71,0,92
6,268,53,346.7949,177560,71,0,53
6,269,200,347.4824,177912,71,0,200
6,270,10,348.3789,178371,71,0,10
6,271,94,350.0293,179216,72,1,-999
6,272,52,351.5449,179992,72,1,-999
6,273,200,352.2617,180359,72,1,-999
6,274,10,353.3789,180931,72,1,-999
6,275,93,354.9297,181725,73,0,93
6,276,51,356.4453,182501,73,0,51
6,277,200,357.2891,182933,73,0,200
6,278,10,358.1953,183397,73,0,10
6,279,91,359.7793,184208,74,1,-999
6,280,53,361.2969,184985,74,1,-999
6,281,200,361.9727,185331,74,1,-999
6,282,10,363.1289,185923,74,1,-999
6,283,93,364.8633,186811,75,0,93
6,284,52,366.3789,187587,75,0,52
6,285,200,367.166,187990,75,0,200
6,286,10,368.0801,188458,75,0,10
6,287,-99,372.5791,190761.5,NA,0,-99
6,288,91,377.0781,193065,76,1,-999
6,289,51,378.5938,193841,76,1,-999
6,290,10,380.4277,194780,76,1,-999
6,291,91,381.877,195522,77,0,91
6,292,53,383.3945,196299,77,0,53
6,293,210,383.9492,196583,77,0,210
6,294,10,384.8613,197050,77,0,10
6,295,91,386.5625,197921,78,0,91
6,296,52,388.0781,198697,78,0,52
6,297,210,388.9922,199165,78,0,210
6,298,10,389.9609,199661,78,0,10
6,299,92,391.6777,200540,79,1,-999
6,300,51,393.1953,201317,79,1,-999
6,301,10,395.0293,202256,79,1,-999
6,302,94,396.3633,202939,80,1,-999
6,303,51,397.8789,203715,80,1,-999
6,304,10,399.7129,204654,80,1,-999
6,305,92,401.5137,205576,81,0,92
6,306,53,403.0293,206352,81,0,53
6,307,200,403.7617,206727,81,0,200
6,308,10,404.6797,207197,81,0,10
6,309,93,406.5293,208144,82,0,93
6,310,51,408.0469,208921,82,0,51
6,311,210,408.9629,209390,82,0,210
6,312,10,409.8633,209851,82,0,10
6,313,94,411.2969,210585,83,0,94
6,314,53,412.8145,211362,83,0,53
6,315,200,413.4648,211695,83,0,200
6,316,10,414.3633,212155,83,0,10
6,317,94,416.1133,213051,84,0,94
6,318,51,417.6309,213828,84,0,51
6,319,210,418.4863,214266,84,0,210
6,320,10,419.3984,214733,84,0,10
6,321,91,421.1816,215646,85,0,91
6,322,51,422.6973,216422,85,0,51
6,323,210,423.4648,216815,85,0,210
6,324,10,424.3809,217284,85,0,10
6,325,93,426.2148,218223,86,0,93
6,326,52,427.7324,219000,86,0,52
6,327,210,428.6035,219446,86,0,210
6,328,10,429.5156,219913,86,0,10
6,329,92,431.0156,220681,87,0,92
6,330,53,432.5312,221457,87,0,53
6,331,210,433.1426,221770,87,0,210
6,332,10,434.0488,222234,87,0,10
6,333,92,435.9336,223199,88,0,92
6,334,52,437.4492,223975,88,0,52
6,335,210,438.2422,224381,88,0,210
6,336,10,439.1328,224837,88,0,10
6,337,93,440.7324,225656,89,0,93
6,338,52,442.25,226433,89,0,52
6,339,210,442.8809,226756,89,0,210
6,340,20,443.7656,227209,89,0,20
6,341,91,445.5,228097,90,0,91
6,342,51,447.0176,228874,90,0,51
6,343,210,448.0234,229389,90,0,210
6,344,20,448.9492,229863,90,0,20
6,345,91,450.5996,230708,91,1,-999
6,346,51,452.1172,231485,91,1,-999
6,347,20,453.9512,232424,91,1,-999
6,348,93,455.5176,233226,92,0,93
6,349,53,457.0352,234003,92,0,53
6,350,210,457.7773,234383,92,0,210
6,351,20,458.668,234839,92,0,20
6,352,93,460.6016,235829,93,0,93
6,353,51,462.1172,236605,93,0,51
6,354,200,462.9863,237050,93,0,200
6,355,10,463.8848,237510,93,0,10
6,356,91,465.5176,238346,94,0,91
6,357,51,467.0352,239123,94,0,51
6,358,210,467.9121,239572,94,0,210
6,359,10,468.8184,240036,94,0,10
6,360,92,470.1855,240736,95,0,92
6,361,51,471.7031,241513,95,0,51
6,362,210,472.6191,241982,95,0,210
6,363,10,473.5195,242443,95,0,10
6,364,94,474.9531,243177,96,0,94
6,365,52,476.4688,243953,96,0,52
6,366,200,477.2188,244337,96,0,200
6,367,10,478.1035,244790,96,0,10
6,368,92,479.9355,245728,97,0,92
6,369,52,481.4531,246505,97,0,52
6,370,200,482.416,246998,97,0,200
6,371,10,483.3027,247452,97,0,10
6,372,92,484.7695,248203,98,0,92
6,373,52,486.2871,248980,98,0,52
6,374,210,487.0918,249392,98,0,210
6,375,10,487.9863,249850,98,0,10
6,376,94,489.5547,250653,99,0,94
6,377,52,491.0703,251429,99,0,52
6,378,210,491.8984,251853,99,0,210
6,379,10,492.8047,252317,99,0,10
6,380,91,494.5371,253204,100,0,91
6,381,53,496.0547,253981,100,0,53
6,382,210,496.623,254272,100,0,210
6,383,20,497.5215,254732,100,0,20
6,384,94,499.3711,255679,101,1,-999
6,385,51,500.8887,256456,101,1,-999
6,386,10,502.7207,257394,101,1,-999
6,387,93,504.4219,258265,102,0,93
6,388,51,505.9395,259042,102,0,51
6,389,210,506.9219,259545,102,0,210
6,390,10,507.8223,260006,102,0,10
6,391,93,509.2715,260748,103,0,93
6,392,53,510.7891,261525,103,0,53
6,393,210,511.3984,261837,103,0,210
6,394,20,512.3066,262302,103,0,20
6,395,93,513.9727,263155,104,0,93
6,396,51,515.4902,263932,104,0,51
6,397,210,516.4883,264443,104,0,210
6,398,10,517.3887,264904,104,0,10
6,399,93,518.9902,265724,105,0,93
6,400,53,520.5059,266500,105,0,53
6,401,210,521.1191,266814,105,0,210
6,402,20,522.0391,267285,105,0,20
6,403,93,523.7402,268156,106,0,93
6,404,52,525.2578,268933,106,0,52
6,405,210,526.0352,269331,106,0,210
6,406,10,526.9395,269794,106,0,10
6,407,91,528.4414,270563,107,0,91
6,408,52,529.957,271339,107,0,52
6,409,210,530.8242,271783,107,0,210
6,410,20,531.707,272235,107,0,20
6,411,92,533.4414,273123,108,0,92
6,412,53,534.957,273899,108,0,53
6,413,200,535.5469,274201,108,0,200
6,414,110,536.4414,274659,108,0,110
6,415,93,538.4258,275675,109,0,93
6,416,52,539.9414,276451,109,0,52
6,417,210,540.6348,276806,109,0,210
6,418,20,541.5586,277279,109,0,20
6,419,92,543.4922,278269,110,0,92
6,420,53,545.0078,279045,110,0,53
6,421,210,545.8965,279500,110,0,210
6,422,10,546.793,279959,110,0,10
6,423,91,548.6094,280889,111,0,91
6,424,52,550.125,281665,111,0,52
6,425,210,550.9922,282109,111,0,210
6,426,10,551.875,282561,111,0,10
6,427,91,553.6094,283449,112,0,91
6,428,51,555.127,284226,112,0,51
6,429,200,555.6172,284477,112,0,200
6,430,10,556.5254,284942,112,0,10
6,431,91,558.6426,286026,113,0,91
6,432,52,560.1602,286803,113,0,52
6,433,210,560.998,287232,113,0,210
6,434,10,561.9258,287707,113,0,10
6,435,91,563.6934,288612,114,1,-999
6,436,51,565.2109,289389,114,1,-999
6,437,20,567.043,290327,114,1,-999
6,438,92,568.5781,291113,115,0,92
6,439,53,570.0938,291889,115,0,53
6,440,200,570.7227,292211,115,0,200
6,441,110,571.6445,292683,115,0,110
6,442,91,573.2949,293528,116,0,91
6,443,52,574.8105,294304,116,0,52
6,444,210,575.5332,294674,116,0,210
6,445,20,576.4453,295141,116,0,20
6,446,94,578.1289,296003,117,0,94
6,447,51,579.6445,296779,117,0,51
6,448,200,580.2598,297094,117,0,200
6,449,10,581.1777,297564,117,0,10
6,450,92,583.1445,298571,118,0,92
6,451,53,584.6621,299348,118,0,53
6,452,210,585.4043,299728,118,0,210
6,453,10,586.3125,300193,118,0,10
6,454,92,588.0293,301072,119,0,92
6,455,51,589.5449,301848,119,0,51
6,456,210,590.25,302209,119,0,210
6,457,10,591.1465,302668,119,0,10
6,458,94,592.6797,303453,120,0,94
6,459,52,594.1953,304229,120,0,52
6,460,210,595.0371,304660,120,0,210
6,461,10,595.9473,305126,120,0,10
6,462,93,597.3457,305842,121,0,93
6,463,52,598.8633,306619,121,0,52
6,464,210,599.5391,306965,121,0,210
6,465,20,600.4473,307430,121,0,20
6,466,92,602.4141,308437,122,0,92
6,467,52,603.9297,309213,122,0,52
6,468,200,604.8203,309669,122,0,200
6,469,10,605.748,310144,122,0,10
6,470,91,607.3633,310971,123,0,91
6,471,52,608.8809,311748,123,0,52
6,472,210,609.7891,312213,123,0,210
6,473,10,610.6973,312678,123,0,10
6,474,94,612.4648,313583,124,0,94
6,475,51,613.9805,314359,124,0,51
6,476,210,614.7383,314747,124,0,210
6,477,110,615.6484,315213,124,0,110
6,478,94,617.1484,315981,125,0,94
6,479,52,618.666,316758,125,0,52
6,480,210,619.2422,317053,125,0,210
6,481,110,620.166,317526,125,0,110
6,482,93,622.2148,318575,126,1,-999
6,483,53,623.7324,319352,126,1,-999
6,484,10,625.5664,320291,126,1,-999
6,485,91,626.9668,321008,127,0,91
6,486,52,628.4824,321784,127,0,52
6,487,210,628.998,322048,127,0,210
6,488,20,629.9336,322527,127,0,20
6,489,92,631.6328,323397,128,0,92
6,490,52,633.1504,324174,128,0,52
6,491,200,633.9531,324585,128,0,200
6,492,110,634.8496,325044,128,0,110
6,493,92,636.3164,325795,129,0,92
6,494,52,637.834,326572,129,0,52
6,495,210,638.4062,326865,129,0,210
6,496,110,639.3496,327348,129,0,110
6,497,92,641.084,328236,130,0,92
6,498,53,642.5996,329012,130,0,53
6,499,210,643.3809,329412,130,0,210
6,500,110,644.334,329900,130,0,110
6,501,93,646.168,330839,131,0,93
6,502,51,647.6836,331615,131,0,51
6,503,210,648.3027,331932,131,0,210
6,504,20,649.2344,332409,131,0,20
6,505,94,651.2676,333450,132,0,94
6,506,51,652.7852,334227,132,0,51
6,507,200,653.4043,334544,132,0,200
6,508,10,654.3184,335012,132,0,10
6,509,92,655.9688,335857,133,0,92
6,510,51,657.4844,336633,133,0,51
6,511,210,658.2129,337006,133,0,210
6,512,10,659.1348,337478,133,0,10
6,513,92,660.8691,338366,134,0,92
6,514,51,662.3848,339142,134,0,51
6,515,200,663.373,339648,134,0,200
6,516,110,664.2852,340115,134,0,110
6,517,93,665.6523,340815,135,0,93
6,518,51,667.1699,341592,135,0,51
6,519,200,667.793,341911,135,0,200
6,520,10,668.752,342402,135,0,10
6,521,91,670.7363,343418,136,0,91
6,522,52,672.2539,344195,136,0,52
6,523,210,672.9941,344574,136,0,210
6,524,10,673.9199,345048,136,0,10
6,525,94,675.6699,345944,137,0,94
6,526,51,677.1875,346721,137,0,51
6,527,210,678.0215,347148,137,0,210
6,528,10,678.9531,347625,137,0,10
6,529,93,680.6211,348479,138,0,93
6,530,51,682.1367,349255,138,0,51
6,531,210,683.041,349718,138,0,210
6,532,10,683.9883,350203,138,0,10
6,533,94,685.3203,350885,139,0,94
6,534,53,686.8379,351662,139,0,53
6,535,210,687.4668,351984,139,0,210
6,536,110,688.3711,352447,139,0,110
6,537,91,690.0547,353309,140,0,91
6,538,52,691.5723,354086,140,0,52
6,539,210,692.2363,354426,140,0,210
6,540,10,693.1719,354905,140,0,10
6,541,92,694.8047,355741,141,0,92
6,542,52,696.3223,356518,141,0,52
6,543,210,697.1309,356932,141,0,210
6,544,10,698.0391,357397,141,0,10
6,545,91,699.8555,358327,142,0,91
6,546,53,701.373,359104,142,0,53
6,547,210,701.9375,359393,142,0,210
6,548,10,702.8887,359880,142,0,10
6,549,91,704.8555,360887,143,0,91
6,550,52,706.373,361664,143,0,52
6,551,210,707.1504,362062,143,0,210
6,552,10,708.0898,362543,143,0,10
6,553,94,709.8223,363430,144,0,94
6,554,53,711.3398,364207,144,0,53
6,555,200,711.9785,364534,144,0,200
6,556,10,712.9238,365018,144,0,10
6,557,91,714.623,365888,145,0,91
6,558,51,716.1406,366665,145,0,51
6,559,200,717.1289,367171,145,0,200
6,560,10,718.041,367638,145,0,10
6,561,93,719.8242,368551,146,0,93
6,562,51,721.3398,369327,146,0,51
6,563,200,722.2383,369787,146,0,200
6,564,10,723.1914,370275,146,0,10
6,565,92,724.5078,370949,147,1,-999
6,566,51,726.0234,371725,147,1,-999
6,567,10,727.8574,372664,147,1,-999
6,568,94,729.2422,373373,148,0,94
6,569,53,730.7578,374149,148,0,53
6,570,200,731.3945,374475,148,0,200
6,571,10,732.3242,374951,148,0,10
6,572,93,734.291,375958,149,0,93
6,573,52,735.8086,376735,149,0,52
6,574,200,736.6035,377142,149,0,200
6,575,10,737.5762,377640,149,0,10
6,576,91,739.0098,378374,150,0,91
6,577,53,740.5254,379150,150,0,53
6,578,210,741.2031,379497,150,0,210
6,579,10,742.125,379969,150,0,10
6,580,-99,746.624,382272.5,NA,0,-99
6,581,94,751.123,384576,151,0,94
6,582,52,752.6387,385352,151,0,52
6,583,210,753.3633,385723,151,0,210
6,584,110,754.2891,386197,151,0,110
6,585,94,755.9062,387025,152,0,94
6,586,53,757.4238,387802,152,0,53
6,587,210,758.0293,388112,152,0,210
6,588,110,758.9727,388595,152,0,110
6,589,92,760.6895,389474,153,0,92
6,590,52,762.207,390251,153,0,52
6,591,210,763.0898,390703,153,0,210
6,592,10,764.0566,391198,153,0,10
6,593,92,765.3574,391864,154,0,92
6,594,51,766.873,392640,154,0,51
6,595,200,767.7676,393098,154,0,200
6,596,110,768.7246,393588,154,0,110
6,597,92,770.1406,394313,155,0,92
6,598,51,771.6582,395090,155,0,51
6,599,210,772.3457,395442,155,0,210
6,600,10,773.2754,395918,155,0,10
6,601,91,775.0918,396848,156,0,91
6,602,52,776.6074,397624,156,0,52
6,603,200,777.3496,398004,156,0,200
6,604,10,778.291,398486,156,0,10
6,605,93,779.791,399254,157,0,93
6,606,53,781.3086,400031,157,0,53
6,607,200,782.1406,400457,157,0,200
6,608,10,783.0762,400936,157,0,10
6,609,93,784.6094,401721,158,0,93
6,610,52,786.125,402497,158,0,52
6,611,210,786.9043,402896,158,0,210
6,612,10,787.8086,403359,158,0,10
6,613,92,789.2598,404102,159,0,92
6,614,53,790.7754,404878,159,0,53
6,615,210,791.4473,405222,159,0,210
6,616,10,792.3594,405689,159,0,10
6,617,94,794.377,406722,160,0,94
6,618,51,795.8926,407498,160,0,51
6,619,210,796.6406,407881,160,0,210
6,620,110,797.5938,408369,160,0,110
6,621,92,799.377,409282,161,0,92
6,622,52,800.8926,410058,161,0,52
6,623,210,801.541,410390,161,0,210
6,624,110,802.4609,410861,161,0,110
6,625,91,804.4277,411868,162,0,91
6,626,52,805.9434,412644,162,0,52
6,627,210,806.5566,412958,162,0,210
6,628,20,807.5117,413447,162,0,20
6,629,93,809.127,414274,163,0,93
6,630,52,810.6445,415051,163,0,52
6,631,210,811.332,415403,163,0,210
6,632,20,812.2441,415870,163,0,20
6,633,93,813.9277,416732,164,0,93
6,634,51,815.4453,417509,164,0,51
6,635,210,816.1172,417853,164,0,210
6,636,20,817.0625,418337,164,0,20
6,637,91,818.6289,419139,165,0,91
6,638,53,820.1445,419915,165,0,53
6,639,210,820.7422,420221,165,0,210
6,640,20,821.6445,420683,165,0,20
6,641,92,823.6289,421699,166,0,92
6,642,52,825.1465,422476,166,0,52
6,643,210,825.8828,422853,166,0,210
6,644,10,826.8125,423329,166,0,10
6,645,94,828.3301,424106,167,0,94
6,646,51,829.8457,424882,167,0,51
6,647,210,830.4453,425189,167,0,210
6,648,110,831.3633,425659,167,0,110
6,649,94,833.0957,426546,168,0,94
6,650,53,834.6133,427323,168,0,53
6,651,210,835.1367,427591,168,0,210
6,652,110,836.0469,428057,168,0,110
6,653,93,838.2129,429166,169,0,93
6,654,52,839.7305,429943,169,0,52
6,655,200,840.2285,430198,169,0,200
6,656,10,841.1465,430668,169,0,10
6,657,92,843.1641,431701,170,0,92
6,658,51,844.6797,432477,170,0,51
6,659,210,845.4805,432887,170,0,210
6,660,110,846.3984,433357,170,0,110
6,661,92,847.8652,434108,171,0,92
6,662,53,849.3809,434884,171,0,53
6,663,200,849.9824,435192,171,0,200
6,664,110,850.8984,435661,171,0,110
6,665,92,852.8809,436676,172,0,92
6,666,51,854.3984,437453,172,0,51
6,667,210,855.1289,437827,172,0,210
6,668,110,856.0645,438306,172,0,110
6,669,92,857.6152,439100,173,0,92
6,670,51,859.1328,439877,173,0,51
6,671,210,859.7363,440186,173,0,210
6,672,110,860.6484,440653,173,0,110
6,673,92,862.5996,441652,174,0,92
6,674,53,864.1152,442428,174,0,53
6,675,200,864.7988,442778,174,0,200
6,676,110,865.7148,443247,174,0,110
6,677,94,867.5332,444178,175,0,94
6,678,52,869.0488,444954,175,0,52
6,679,200,869.6582,445266,175,0,200
6,680,10,870.584,445740,175,0,10
6,681,93,872.4004,446670,176,0,93
6,682,51,873.916,447446,176,0,51
6,683,210,874.6035,447798,176,0,210
6,684,20,875.5176,448266,176,0,20
6,685,94,877.2168,449136,177,0,94
6,686,52,878.7344,449913,177,0,52
6,687,210,879.1191,450110,177,0,210
6,688,110,880.0332,450578,177,0,110
6,689,92,882.0176,451594,178,0,92
6,690,53,883.5332,452370,178,0,53
6,691,200,884.2578,452741,178,0,200
6,692,110,885.2012,453224,178,0,110
6,693,94,886.834,454060,179,0,94
6,694,52,888.3516,454837,179,0,52
6,695,200,888.873,455104,179,0,200
6,696,10,889.7852,455571,179,0,10
6,697,92,891.5684,456484,180,0,92
6,698,53,893.084,457260,180,0,53
6,699,200,893.8223,457638,180,0,200
6,700,10,894.7676,458122,180,0,10
6,701,93,896.4023,458959,181,0,93
6,702,51,897.918,459735,181,0,51
6,703,210,898.4355,460000,181,0,210
6,704,20,899.3359,460461,181,0,20
6,705,91,901.4023,461519,182,0,91
6,706,52,902.9199,462296,182,0,52
6,707,200,903.5547,462621,182,0,200
6,708,10,904.502,463106,182,0,10
6,709,94,906.4023,464079,183,0,94
6,710,51,907.9199,464856,183,0,51
6,711,210,908.3496,465076,183,0,210
6,712,110,909.2539,465539,183,0,110
6,713,94,911.3359,466605,184,0,94
6,714,53,912.8535,467382,184,0,53
6,715,210,913.4258,467675,184,0,210
6,716,110,914.3535,468150,184,0,110
6,717,92,916.0371,469012,185,0,92
6,718,52,917.5527,469788,185,0,52
6,719,210,918.1875,470113,185,0,210
6,720,10,919.1367,470599,185,0,10
6,721,94,921.0039,471555,186,0,94
6,722,51,922.5215,472332,186,0,51
6,723,210,923.0957,472626,186,0,210
6,724,110,924.0371,473108,186,0,110
6,725,92,925.8711,474047,187,0,92
6,726,52,927.3887,474824,187,0,52
6,727,210,927.8281,475049,187,0,210
6,728,110,928.7539,475523,187,0,110
6,729,91,930.6055,476471,188,0,91
6,730,51,932.1211,477247,188,0,51
6,731,210,932.6738,477530,188,0,210
6,732,20,933.6211,478015,188,0,20
6,733,93,935.4551,478954,189,0,93
6,734,53,936.9727,479731,189,0,53
6,735,210,937.5273,480015,189,0,210
6,736,20,938.4727,480499,189,0,20
6,737,91,940.6055,481591,190,0,91
6,738,52,942.123,482368,190,0,52
6,739,210,942.5234,482573,190,0,210
6,740,20,943.4395,483042,190,0,20
6,741,92,945.6895,484194,191,0,92
6,742,51,947.207,484971,191,0,51
6,743,200,947.7285,485238,191,0,200
6,744,110,948.6406,485705,191,0,110
6,745,94,950.623,486720,192,0,94
6,746,52,952.1406,487497,192,0,52
6,747,200,952.7598,487814,192,0,200
6,748,10,953.7227,488307,192,0,10
6,749,91,955.5566,489246,193,0,91
6,750,53,957.0742,490023,193,0,53
6,751,200,957.5449,490264,193,0,200
6,752,20,958.4902,490748,193,0,20
6,753,93,960.2246,491636,194,0,93
6,754,52,961.7402,492412,194,0,52
6,755,200,962.252,492674,194,0,200
6,756,10,963.1914,493155,194,0,10
6,757,92,965.041,494102,195,0,92
6,758,53,966.5586,494879,195,0,53
6,759,210,967.0957,495154,195,0,210
6,760,10,968.0254,495630,195,0,10
6,761,91,969.8242,496551,196,0,91
6,762,52,971.3418,497328,196,0,52
6,763,200,971.6289,497475,196,0,200
6,764,20,972.5586,497951,196,0,20
6,765,91,974.543,498967,197,0,91
6,766,51,976.0586,499743,197,0,51
6,767,200,976.3711,499903,197,0,200
6,768,20,977.2754,500366,197,0,20
6,769,91,979.3594,501433,198,0,91
6,770,52,980.875,502209,198,0,52
6,771,200,981.3652,502460,198,0,200
6,772,10,982.3262,502952,198,0,10
6,773,94,984.3105,503968,199,0,94
6,774,52,985.8262,504744,199,0,52
6,775,210,986.3984,505037,199,0,210
6,776,110,987.3438,505521,199,0,110
6,777,92,989.2109,506477,200,0,92
6,778,53,990.7266,507253,200,0,53
6,779,200,991.291,507542,200,0,200
6,780,10,992.2441,508030,200,0,10
6,781,93,993.9277,508892,201,0,93
6,782,52,995.4434,509668,201,0,52
6,783,210,996.043,509975,201,0,210
6,784,20,996.9766,510453,201,0,20
6,785,91,998.8613,511418,202,0,91
6,786,53,1000.377,512194,202,0,53
6,787,200,1000.895,512459,202,0,200
6,788,20,1001.861,512954,202,0,20
6,789,92,1003.844,513969,203,0,92
6,790,51,1005.361,514746,203,0,51
6,791,200,1005.912,515028,203,0,200
6,792,110,1006.828,515497,203,0,110
6,793,92,1008.861,516538,204,0,92
6,794,52,1010.379,517315,204,0,52
6,795,200,1010.898,517581,204,0,200
6,796,10,1011.846,518066,204,0,10
6,797,93,1013.713,519022,205,1,-999
6,798,52,1015.229,519798,205,1,-999
6,799,10,1017.062,520737,205,1,-999
6,800,91,1018.396,521420,206,0,91
6,801,52,1019.912,522196,206,0,52
6,802,210,1020.389,522440,206,0,210
6,803,20,1021.346,522930,206,0,20
6,804,91,1023.062,523809,207,0,91
6,805,51,1024.58,524586,207,0,51
6,806,200,1024.855,524727,207,0,200
6,807,20,1025.812,525217,207,0,20
6,808,92,1027.764,526216,208,0,92
6,809,53,1029.279,526992,208,0,53
6,810,210,1029.742,527229,208,0,210
6,811,10,1030.697,527718,208,0,10
6,812,93,1032.613,528699,209,0,93
6,813,52,1034.131,529476,209,0,52
6,814,210,1034.773,529805,209,0,210
6,815,20,1035.73,530295,209,0,20
6,816,93,1037.498,531200,210,0,93
6,817,51,1039.014,531976,210,0,51
6,818,200,1039.611,532282,210,0,200
6,819,10,1040.547,532761,210,0,10
6,820,94,1042.299,533658,211,0,94
6,821,51,1043.814,534434,211,0,51
6,822,210,1044.551,534811,211,0,210
6,823,110,1045.498,535296,211,0,110
6,824,94,1047.166,536150,212,0,94
6,825,52,1048.682,536926,212,0,52
6,826,210,1049.246,537215,212,0,210
6,827,110,1050.215,537711,212,0,110
6,828,94,1052.299,538778,213,0,94
6,829,52,1053.816,539555,213,0,52
6,830,200,1054.455,539882,213,0,200
6,831,10,1055.416,540374,213,0,10
6,832,93,1057.398,541389,214,0,93
6,833,53,1058.916,542166,214,0,53
6,834,200,1059.625,542529,214,0,200
6,835,10,1060.566,543011,214,0,10
6,836,94,1062.416,543958,215,0,94
6,837,51,1063.934,544735,215,0,51
6,838,210,1064.531,545041,215,0,210
6,839,110,1065.482,545528,215,0,110
6,840,92,1067.166,546390,216,0,92
6,841,52,1068.684,547167,216,0,52
6,842,210,1069.299,547482,216,0,210
6,843,110,1070.25,547969,216,0,110
6,844,94,1071.867,548797,217,0,94
6,845,52,1073.385,549574,217,0,52
6,846,210,1074.012,549895,217,0,210
6,847,110,1074.967,550384,217,0,110
6,848,91,1076.918,551383,218,0,91
6,849,53,1078.434,552159,218,0,53
6,850,210,1078.814,552354,218,0,210
6,851,20,1079.785,552851,218,0,20
6,852,91,1081.701,553832,219,0,91
6,853,52,1083.219,554609,219,0,52
6,854,200,1083.75,554881,219,0,200
6,855,10,1084.701,555368,219,0,10
6,856,92,1086.352,556213,220,0,92
6,857,52,1087.869,556990,220,0,52
6,858,210,1088.494,557310,220,0,210
6,859,110,1089.436,557792,220,0,110
6,860,92,1091.035,558611,221,0,92
6,861,52,1092.553,559388,221,0,52
6,862,210,1093.158,559698,221,0,210
6,863,110,1094.119,560190,221,0,110
6,864,91,1096.17,561240,222,0,91
6,865,51,1097.686,562016,222,0,51
6,866,200,1098.258,562309,222,0,200
6,867,20,1099.219,562801,222,0,20
6,868,91,1101.086,563757,223,0,91
6,869,51,1102.604,564534,223,0,51
6,870,200,1103.115,564796,223,0,200
6,871,20,1104.086,565293,223,0,20
6,872,91,1105.986,566266,224,0,91
6,873,52,1107.504,567043,224,0,52
6,874,210,1108.207,567403,224,0,210
6,875,20,1109.188,567905,224,0,20
6,876,93,1110.971,568818,225,0,93
6,877,53,1112.488,569595,225,0,53
6,878,210,1112.969,569841,225,0,210
6,879,20,1113.92,570328,225,0,20
6,880,-99,1118.419,572631.5,NA,0,-99
6,881,92,1122.918,574935,226,0,92
6,882,51,1124.436,575712,226,0,51
6,883,210,1125.023,576013,226,0,210
6,884,110,1125.936,576480,226,0,110
6,885,92,1128.053,577564,227,0,92
6,886,51,1129.568,578340,227,0,51
6,887,200,1130.064,578594,227,0,200
6,888,10,1131.035,579091,227,0,10
6,889,91,1133.119,580158,228,0,91
6,890,51,1134.635,580934,228,0,51
6,891,210,1135.049,581146,228,0,210
6,892,20,1136.002,581634,228,0,20
6,893,92,1137.854,582582,229,0,92
6,894,52,1139.369,583358,229,0,52
6,895,210,1139.998,583680,229,0,210
6,896,110,1140.92,584152,229,0,110
6,897,94,1142.803,585116,230,0,94
6,898,53,1144.32,585893,230,0,53
6,899,210,1145.049,586266,230,0,210
6,900,110,1145.971,586738,230,0,110
6,901,92,1147.604,587574,231,0,92
6,902,51,1149.119,588350,231,0,51
6,903,210,1149.705,588650,231,0,210
6,904,110,1150.637,589127,231,0,110
6,905,92,1152.637,590151,232,0,92
6,906,51,1154.154,590928,232,0,51
6,907,210,1154.654,591184,232,0,210
6,908,110,1155.588,591662,232,0,110
6,909,94,1157.721,592754,233,0,94
6,910,52,1159.238,593531,233,0,52
6,911,210,1159.715,593775,233,0,210
6,912,110,1160.688,594273,233,0,110
6,913,93,1162.688,595297,234,0,93
6,914,51,1164.205,596074,234,0,51
6,915,210,1164.982,596472,234,0,210
6,916,10,1165.922,596953,234,0,10
6,917,93,1167.572,597798,235,0,93
6,918,51,1169.088,598574,235,0,51
6,919,210,1169.809,598943,235,0,210
6,920,20,1170.756,599428,235,0,20
6,921,92,1172.355,600247,236,0,92
6,922,53,1173.873,601024,236,0,53
6,923,200,1174.471,601330,236,0,200
6,924,110,1175.389,601800,236,0,110
6,925,92,1177.006,602628,237,0,92
6,926,52,1178.523,603405,237,0,52
6,927,210,1178.994,603646,237,0,210
6,928,110,1179.922,604121,237,0,110
6,929,91,1181.924,605146,238,0,91
6,930,53,1183.439,605922,238,0,53
6,931,200,1184.135,606278,238,0,200
6,932,20,1185.074,606759,238,0,20
6,933,92,1186.857,607672,239,0,92
6,934,51,1188.373,608448,239,0,51
6,935,200,1188.973,608755,239,0,200
6,936,110,1189.924,609242,239,0,110
6,937,91,1191.758,610181,240,0,91
6,938,52,1193.273,610957,240,0,52
6,939,200,1193.951,611304,240,0,200
6,940,10,1194.924,611802,240,0,10
6,941,93,1196.475,612596,241,0,93
6,942,52,1197.99,613372,241,0,52
6,943,210,1198.713,613742,241,0,210
6,944,20,1199.658,614226,241,0,20
6,945,91,1201.375,615105,242,0,91
6,946,52,1202.891,615881,242,0,52
6,947,200,1203.592,616240,242,0,200
6,948,10,1204.559,616735,242,0,10
6,949,94,1206.492,617725,243,0,94
6,950,53,1208.008,618501,243,0,53
6,951,210,1208.605,618807,243,0,210
6,952,110,1209.525,619278,243,0,110
6,953,92,1211.176,620123,244,0,92
6,954,52,1212.691,620899,244,0,52
6,955,210,1213.312,621217,244,0,210
6,956,110,1214.26,621702,244,0,110
6,957,93,1216.043,622615,245,0,93
6,958,52,1217.559,623391,245,0,52
6,959,200,1218.195,623717,245,0,200
6,960,10,1219.109,624185,245,0,10
6,961,92,1220.709,625004,246,0,92
6,962,53,1222.227,625781,246,0,53
6,963,200,1222.951,626152,246,0,200
6,964,10,1223.926,626651,246,0,10
6,965,93,1225.811,627616,247,0,93
6,966,51,1227.326,628392,247,0,51
6,967,210,1228.188,628833,247,0,210
6,968,10,1229.145,629323,247,0,10
6,969,93,1230.594,630065,248,0,93
6,970,52,1232.111,630842,248,0,52
6,971,200,1232.678,631132,248,0,200
6,972,10,1233.611,631610,248,0,10
6,973,92,1235.311,632480,249,0,92
6,974,52,1236.828,633257,249,0,52
6,975,210,1237.424,633562,249,0,210
6,976,110,1238.377,634050,249,0,110
6,977,94,1240.328,635049,250,0,94
6,978,53,1241.846,635826,250,0,53
6,979,210,1242.305,636061,250,0,210
6,980,110,1243.229,636534,250,0,110
6,981,91,1245.395,637643,251,0,91
6,982,51,1246.912,638420,251,0,51
6,983,200,1247.529,638736,251,0,200
6,984,20,1248.463,639214,251,0,20
6,985,92,1250.445,640229,252,0,92
6,986,52,1251.963,641006,252,0,52
6,987,210,1252.525,641294,252,0,210
6,988,10,1253.463,641774,252,0,10
6,989,92,1255.412,642772,253,0,92
6,990,53,1256.93,643549,253,0,53
6,991,200,1257.572,643878,253,0,200
6,992,10,1258.496,644351,253,0,10
6,993,92,1260.447,645350,254,0,92
6,994,52,1261.963,646126,254,0,52
6,995,210,1262.641,646473,254,0,210
6,996,110,1263.598,646963,254,0,110
6,997,94,1265.146,647756,255,0,94
6,998,53,1266.664,648533,255,0,53
6,999,200,1267.385,648902,255,0,200
6,1000,10,1268.33,649386,255,0,10
6,1001,92,1269.914,650197,256,0,92
6,1002,52,1271.432,650974,256,0,52
6,1003,210,1272.051,651291,256,0,210
6,1004,10,1273.014,651784,256,0,10
6,1005,92,1274.598,652595,257,0,92
6,1006,51,1276.115,653372,257,0,51
6,1007,210,1276.609,653625,257,0,210
6,1008,10,1277.531,654097,257,0,10
6,1009,94,1279.516,655113,258,0,94
6,1010,52,1281.031,655889,258,0,52
6,1011,200,1281.662,656212,258,0,200
6,1012,10,1282.615,656700,258,0,10
6,1013,92,1284.232,657528,259,0,92
6,1014,53,1285.748,658304,259,0,53
6,1015,210,1286.301,658587,259,0,210
6,1016,10,1287.248,659072,259,0,10
6,1017,92,1289.148,660045,260,0,92
6,1018,51,1290.666,660822,260,0,51
6,1019,210,1291.252,661122,260,0,210
6,1020,10,1292.182,661598,260,0,10
6,1021,93,1294.25,662657,261,0,93
6,1022,52,1295.766,663433,261,0,52
6,1023,210,1296.324,663719,261,0,210
6,1024,20,1297.283,664210,261,0,20
6,1025,91,1299.117,665149,262,0,91
6,1026,51,1300.633,665925,262,0,51
6,1027,200,1301.225,666228,262,0,200
6,1028,10,1302.184,666719,262,0,10
6,1029,93,1304.1,667700,263,0,93
6,1030,51,1305.617,668477,263,0,51
6,1031,210,1306.18,668765,263,0,210
6,1032,20,1307.102,669237,263,0,20
6,1033,92,1308.783,670098,264,0,92
6,1034,51,1310.301,670875,264,0,51
6,1035,210,1311.084,671276,264,0,210
6,1036,10,1312.035,671763,264,0,10
6,1037,92,1313.617,672573,265,0,92
6,1038,53,1315.135,673350,265,0,53
6,1039,210,1315.801,673691,265,0,210
6,1040,110,1316.719,674161,265,0,110
6,1041,91,1318.734,675193,266,0,91
6,1042,52,1320.252,675970,266,0,52
6,1043,210,1321.129,676419,266,0,210
6,1044,20,1322.068,676900,266,0,20
6,1045,94,1323.502,677634,267,0,94
6,1046,51,1325.02,678411,267,0,51
6,1047,210,1325.469,678641,267,0,210
6,1048,110,1326.369,679102,267,0,110
6,1049,91,1328.436,680160,268,0,91
6,1050,52,1329.953,680937,268,0,52
6,1051,210,1330.635,681286,268,0,210
6,1052,20,1331.553,681756,268,0,20
6,1053,92,1333.086,682541,269,0,92
6,1054,51,1334.604,683318,269,0,51
6,1055,200,1335.422,683737,269,0,200
6,1056,110,1336.336,684205,269,0,110
6,1057,91,1337.887,684999,270,0,91
6,1058,51,1339.404,685776,270,0,51
6,1059,210,1340.115,686140,270,0,210
6,1060,10,1341.02,686603,270,0,10
6,1061,93,1342.57,687397,271,0,93
6,1062,52,1344.088,688174,271,0,52
6,1063,210,1344.699,688487,271,0,210
6,1064,20,1345.654,688976,271,0,20
6,1065,91,1347.521,689932,272,0,91
6,1066,51,1349.037,690708,272,0,51
6,1067,200,1349.877,691138,272,0,200
6,1068,20,1350.787,691604,272,0,20
6,1069,93,1352.355,692407,273,0,93
6,1070,52,1353.871,693183,273,0,52
6,1071,210,1354.463,693486,273,0,210
6,1072,20,1355.389,693960,273,0,20
6,1073,91,1357.221,694898,274,0,91
6,1074,51,1358.738,695675,274,0,51
6,1075,210,1359.393,696010,274,0,210
6,1076,20,1360.305,696477,274,0,20
6,1077,92,1362.322,697510,275,0,92
6,1078,52,1363.84,698287,275,0,52
6,1079,200,1364.586,698669,275,0,200
6,1080,110,1365.506,699140,275,0,110
6,1081,94,1367.439,700130,276,0,94
6,1082,53,1368.955,700906,276,0,53
6,1083,200,1369.58,701226,276,0,200
6,1084,10,1370.49,701692,276,0,10
6,1085,94,1372.506,702724,277,0,94
6,1086,52,1374.023,703501,277,0,52
6,1087,210,1374.59,703791,277,0,210
6,1088,110,1375.557,704286,277,0,110
6,1089,92,1377.373,705216,278,0,92
6,1090,51,1378.891,705993,278,0,51
6,1091,210,1379.633,706373,278,0,210
6,1092,110,1380.541,706838,278,0,110
6,1093,94,1382.24,707708,279,0,94
6,1094,53,1383.758,708485,279,0,53
6,1095,200,1384.301,708763,279,0,200
6,1096,10,1385.225,709236,279,0,10
6,1097,93,1387.041,710166,280,0,93
6,1098,51,1388.559,710943,280,0,51
6,1099,210,1389.463,711406,280,0,210
6,1100,10,1390.408,711890,280,0,10
6,1101,91,1391.857,712632,281,0,91
6,1102,52,1393.375,713409,281,0,52
6,1103,210,1394.014,713736,281,0,210
6,1104,10,1394.926,714203,281,0,10
6,1105,91,1396.809,715167,282,0,91
6,1106,51,1398.326,715944,282,0,51
6,1107,200,1399.006,716292,282,0,200
6,1108,20,1399.941,716771,282,0,20
6,1109,92,1401.576,717608,283,0,92
6,1110,51,1403.092,718384,283,0,51
6,1111,200,1403.832,718763,283,0,200
6,1112,110,1404.775,719246,283,0,110
6,1113,91,1406.492,720125,284,0,91
6,1114,52,1408.01,720902,284,0,52
6,1115,200,1408.645,721227,284,0,200
6,1116,10,1409.543,721687,284,0,10
6,1117,94,1411.277,722575,285,0,94
6,1118,53,1412.793,723351,285,0,53
6,1119,210,1413.512,723719,285,0,210
6,1120,110,1414.426,724187,285,0,110
6,1121,92,1416.043,725015,286,0,92
6,1122,51,1417.561,725792,286,0,51
6,1123,210,1418.312,726177,286,0,210
6,1124,10,1419.227,726645,286,0,10
6,1125,94,1421.078,727593,287,0,94
6,1126,52,1422.594,728369,287,0,52
6,1127,210,1423.209,728684,287,0,210
6,1128,110,1424.111,729146,287,0,110
6,1129,91,1425.795,730008,288,0,91
6,1130,51,1427.311,730784,288,0,51
6,1131,200,1428.027,731151,288,0,200
6,1132,10,1428.945,731621,288,0,10
6,1133,94,1430.811,732576,289,0,94
6,1134,51,1432.328,733353,289,0,51
6,1135,210,1433.146,733772,289,0,210
6,1136,10,1434.096,734258,289,0,10
6,1137,94,1435.961,735213,290,0,94
6,1138,52,1437.479,735990,290,0,52
6,1139,210,1438.207,736363,290,0,210
6,1140,110,1439.145,736843,290,0,110
6,1141,94,1440.828,737705,291,0,94
6,1142,51,1442.346,738482,291,0,51
6,1143,210,1443.037,738836,291,0,210
6,1144,110,1443.979,739318,291,0,110
6,1145,91,1445.945,740325,292,0,91
6,1146,51,1447.463,741102,292,0,51
6,1147,200,1448.252,741506,292,0,200
6,1148,20,1449.197,741990,292,0,20
6,1149,91,1451.047,742937,293,0,91
6,1150,53,1452.562,743713,293,0,53
6,1151,200,1453.035,743955,293,0,200
6,1152,20,1453.98,744439,293,0,20
6,1153,93,1455.881,745412,294,0,93
6,1154,52,1457.396,746188,294,0,52
6,1155,200,1458.135,746566,294,0,200
6,1156,10,1459.064,747042,294,0,10
6,1157,94,1460.748,747904,295,0,94
6,1158,51,1462.264,748680,295,0,51
6,1159,200,1462.92,749016,295,0,200
6,1160,10,1463.83,749482,295,0,10
6,1161,94,1465.664,750421,296,0,94
6,1162,51,1467.182,751198,296,0,51
6,1163,210,1467.855,751543,296,0,210
6,1164,110,1468.781,752017,296,0,110
6,1165,91,1470.766,753033,297,0,91
6,1166,53,1472.281,753809,297,0,53
6,1167,200,1472.918,754135,297,0,200
6,1168,20,1473.832,754603,297,0,20
6,1169,91,1475.748,755584,298,0,91
6,1170,52,1477.266,756361,298,0,52
6,1171,200,1477.852,756661,298,0,200
6,1172,10,1478.799,757146,298,0,10
6,1173,91,1480.883,758213,299,0,91
6,1174,53,1482.398,758989,299,0,53
6,1175,200,1483.043,759319,299,0,200
6,1176,20,1483.949,759783,299,0,20
6,1177,94,1485.717,760688,300,0,94
6,1178,52,1487.232,761464,300,0,52
6,1179,200,1487.938,761825,300,0,200
6,1180,10,1488.9,762318,300,0,10
6,1181,-99,1493.399,764621.5,NA,0,-99
6,1182,92,1497.898,766925,301,0,92
6,1183,52,1499.416,767702,301,0,52
6,1184,210,1500.133,768069,301,0,210
6,1185,110,1501.066,768547,301,0,110
6,1186,93,1502.934,769503,302,0,93
6,1187,51,1504.449,770279,302,0,51
6,1188,210,1505.012,770567,302,0,210
6,1189,20,1505.916,771030,302,0,20
6,1190,94,1507.783,771986,303,0,94
6,1191,52,1509.301,772763,303,0,52
6,1192,210,1509.754,772995,303,0,210
6,1193,110,1510.684,773471,303,0,110
6,1194,93,1512.885,774598,304,0,93
6,1195,52,1514.4,775374,304,0,52
6,1196,210,1514.998,775680,304,0,210
6,1197,20,1515.9,776142,304,0,20
6,1198,91,1518.002,777218,305,0,91
6,1199,52,1519.518,777994,305,0,52
6,1200,210,1520.189,778338,305,0,210
6,1201,20,1521.084,778796,305,0,20
6,1202,93,1522.768,779658,306,0,93
6,1203,52,1524.285,780435,306,0,52
6,1204,210,1524.875,780737,306,0,210
6,1205,20,1525.768,781194,306,0,20
6,1206,92,1527.836,782253,307,0,92
6,1207,53,1529.352,783029,307,0,53
6,1208,200,1530.09,783407,307,0,200
6,1209,110,1531.02,783883,307,0,110
6,1210,91,1532.652,784719,308,0,91
6,1211,52,1534.17,785496,308,0,52
6,1212,210,1534.857,785848,308,0,210
6,1213,20,1535.785,786323,308,0,20
6,1214,94,1537.336,787117,309,0,94
6,1215,51,1538.854,787894,309,0,51
6,1216,210,1539.277,788111,309,0,210
6,1217,110,1540.186,788576,309,0,110
6,1218,94,1542.203,789609,310,0,94
6,1219,51,1543.721,790386,310,0,51
6,1220,210,1544.104,790582,310,0,210
6,1221,110,1545.037,791060,310,0,110
6,1222,91,1547.27,792203,311,0,91
6,1223,52,1548.787,792980,311,0,52
6,1224,200,1549.529,793360,311,0,200
6,1225,20,1550.471,793842,311,0,20
6,1226,94,1552.137,794695,312,0,94
6,1227,52,1553.654,795472,312,0,52
6,1228,210,1554.094,795697,312,0,210
6,1229,110,1554.988,796155,312,0,110
6,1230,91,1557.088,797230,313,0,91
6,1231,53,1558.604,798006,313,0,53
6,1232,210,1559.26,798342,313,0,210
6,1233,20,1560.154,798800,313,0,20
6,1234,92,1561.787,799636,314,0,92
6,1235,52,1563.305,800413,314,0,52
6,1236,210,1563.977,800757,314,0,210
6,1237,110,1564.904,801232,314,0,110
6,1238,93,1566.822,802214,315,0,93
6,1239,53,1568.338,802990,315,0,53
6,1240,210,1569.105,803383,315,0,210
6,1241,10,1570.039,803861,315,0,10
6,1242,94,1571.623,804672,316,0,94
6,1243,52,1573.139,805448,316,0,52
6,1244,210,1573.539,805653,316,0,210
6,1245,110,1574.488,806139,316,0,110
6,1246,94,1576.355,807095,317,0,94
6,1247,51,1577.873,807872,317,0,51
6,1248,210,1578.465,808175,317,0,210
6,1249,110,1579.389,808648,317,0,110
6,1250,92,1581.057,809502,318,0,92
6,1251,53,1582.572,810278,318,0,53
6,1252,200,1583.455,810730,318,0,200
6,1253,110,1584.373,811200,318,0,110
6,1254,94,1585.873,811968,319,0,94
6,1255,52,1587.391,812745,319,0,52
6,1256,210,1588.111,813114,319,0,210
6,1257,110,1589.008,813573,319,0,110
6,1258,91,1590.807,814494,320,0,91
6,1259,52,1592.324,815271,320,0,52
6,1260,210,1593.018,815626,320,0,210
6,1261,20,1593.908,816082,320,0,20
6,1262,93,1595.924,817114,321,0,93
6,1263,51,1597.441,817891,321,0,51
6,1264,210,1598.062,818209,321,0,210
6,1265,20,1598.941,818659,321,0,20
6,1266,93,1600.857,819640,322,0,93
6,1267,51,1602.375,820417,322,0,51
6,1268,210,1602.969,820721,322,0,210
6,1269,20,1603.875,821185,322,0,20
6,1270,94,1605.859,822201,323,0,94
6,1271,52,1607.375,822977,323,0,52
6,1272,210,1608.023,823309,323,0,210
6,1273,110,1608.908,823762,323,0,110
6,1274,91,1610.742,824701,324,0,91
6,1275,52,1612.26,825478,324,0,52
6,1276,210,1613.129,825923,324,0,210
6,1277,20,1614.043,826391,324,0,20
6,1278,93,1615.576,827176,325,0,93
6,1279,52,1617.092,827952,325,0,52
6,1280,210,1617.49,828156,325,0,210
6,1281,20,1618.426,828635,325,0,20
6,1282,91,1620.293,829591,326,0,91
6,1283,51,1621.811,830368,326,0,51
6,1284,210,1622.459,830700,326,0,210
6,1285,20,1623.377,831170,326,0,20
6,1286,94,1624.977,831989,327,0,94
6,1287,51,1626.494,832766,327,0,51
6,1288,200,1627.133,833093,327,0,200
6,1289,10,1628.094,833585,327,0,10
6,1290,94,1629.928,834524,328,0,94
6,1291,53,1631.443,835300,328,0,53
6,1292,210,1631.982,835576,328,0,210
6,1293,110,1632.877,836034,328,0,110
6,1294,92,1634.729,836982,329,0,92
6,1295,52,1636.244,837758,329,0,52
6,1296,210,1636.824,838055,329,0,210
6,1297,110,1637.729,838518,329,0,110
6,1298,92,1639.762,839559,330,0,92
6,1299,52,1641.277,840335,330,0,52
6,1300,210,1641.629,840515,330,0,210
6,1301,10,1642.562,840993,330,0,10
6,1302,94,1644.828,842153,331,0,94
6,1303,53,1646.346,842930,331,0,53
6,1304,210,1646.893,843210,331,0,210
6,1305,110,1647.795,843672,331,0,110
6,1306,91,1649.596,844594,332,0,91
6,1307,52,1651.113,845371,332,0,52
6,1308,210,1651.736,845690,332,0,210
6,1309,20,1652.662,846164,332,0,20
6,1310,93,1654.713,847214,333,0,93
6,1311,53,1656.229,847990,333,0,53
6,1312,200,1656.928,848348,333,0,200
6,1313,10,1657.863,848827,333,0,10
6,1314,92,1659.447,849638,334,0,92
6,1315,52,1660.963,850414,334,0,52
6,1316,210,1661.539,850709,334,0,210
6,1317,10,1662.447,851174,334,0,10
6,1318,94,1664.113,852027,335,0,94
6,1319,53,1665.631,852804,335,0,53
6,1320,210,1666.418,853207,335,0,210
6,1321,10,1667.363,853691,335,0,10
6,1322,94,1668.914,854485,336,0,94
6,1323,52,1670.432,855262,336,0,52
6,1324,210,1670.812,855457,336,0,210
6,1325,110,1671.748,855936,336,0,110
6,1326,94,1673.648,856909,337,0,94
6,1327,53,1675.164,857685,337,0,53
6,1328,210,1675.711,857965,337,0,210
6,1329,110,1676.615,858428,337,0,110
6,1330,91,1678.381,859332,338,0,91
6,1331,52,1679.898,860109,338,0,52
6,1332,200,1680.512,860423,338,0,200
6,1333,20,1681.416,860886,338,0,20
6,1334,93,1683.398,861901,339,0,93
6,1335,51,1684.916,862678,339,0,51
6,1336,210,1685.639,863048,339,0,210
6,1337,20,1686.549,863514,339,0,20
6,1338,91,1688.082,864299,340,0,91
6,1339,53,1689.6,865076,340,0,53
6,1340,210,1690.227,865397,340,0,210
6,1341,20,1691.133,865861,340,0,20
6,1342,94,1693.033,866834,341,0,94
6,1343,51,1694.549,867610,341,0,51
6,1344,210,1695.131,867908,341,0,210
6,1345,110,1696.033,868370,341,0,110
6,1346,93,1698.117,869437,342,0,93
6,1347,52,1699.633,870213,342,0,52
6,1348,200,1700.369,870590,342,0,200
6,1349,10,1701.268,871050,342,0,10
6,1350,91,1702.9,871886,343,0,91
6,1351,53,1704.418,872663,343,0,53
6,1352,210,1705.033,872978,343,0,210
6,1353,20,1705.934,873439,343,0,20
6,1354,91,1707.668,874327,344,0,91
6,1355,52,1709.184,875103,344,0,52
6,1356,210,1709.756,875396,344,0,210
6,1357,20,1710.684,875871,344,0,20
6,1358,94,1712.451,876776,345,0,94
6,1359,52,1713.969,877553,345,0,52
6,1360,200,1714.459,877804,345,0,200
6,1361,10,1715.385,878278,345,0,10
6,1362,92,1717.385,879302,346,0,92
6,1363,52,1718.902,880079,346,0,52
6,1364,210,1719.646,880460,346,0,210
6,1365,110,1720.535,880915,346,0,110
6,1366,91,1722.252,881794,347,0,91
6,1367,51,1723.77,882571,347,0,51
6,1368,200,1724.586,882989,347,0,200
6,1369,20,1725.486,883450,347,0,20
6,1370,94,1727.002,884226,348,0,94
6,1371,51,1728.52,885003,348,0,51
6,1372,210,1729.078,885289,348,0,210
6,1373,110,1730.02,885771,348,0,110
6,1374,92,1731.986,886778,349,0,92
6,1375,51,1733.504,887555,349,0,51
6,1376,210,1734.148,887885,349,0,210
6,1377,110,1735.037,888340,349,0,110
6,1378,94,1737.086,889389,350,0,94
6,1379,52,1738.604,890166,350,0,52
6,1380,210,1739.141,890441,350,0,210
6,1381,110,1740.037,890900,350,0,110
6,1382,93,1741.805,891805,351,0,93
6,1383,53,1743.32,892581,351,0,53
6,1384,210,1743.717,892784,351,0,210
6,1385,20,1744.621,893247,351,0,20
6,1386,92,1746.654,894288,352,0,92
6,1387,51,1748.172,895065,352,0,51
6,1388,210,1748.803,895388,352,0,210
6,1389,10,1749.721,895858,352,0,10
6,1390,91,1751.455,896746,353,0,91
6,1391,52,1752.971,897522,353,0,52
6,1392,200,1753.486,897786,353,0,200
6,1393,20,1754.389,898248,353,0,20
6,1394,92,1756.121,899135,354,0,92
6,1395,53,1757.639,899912,354,0,53
6,1396,200,1758.344,900273,354,0,200
6,1397,110,1759.256,900740,354,0,110
6,1398,93,1760.805,901533,355,0,93
6,1399,51,1762.322,902310,355,0,51
6,1400,200,1763.08,902698,355,0,200
6,1401,10,1763.988,903163,355,0,10
6,1402,91,1765.656,904017,356,0,91
6,1403,51,1767.172,904793,356,0,51
6,1404,200,1767.922,905177,356,0,200
6,1405,20,1768.873,905664,356,0,20
6,1406,91,1770.424,906458,357,0,91
6,1407,53,1771.939,907234,357,0,53
6,1408,200,1772.562,907553,357,0,200
6,1409,10,1773.457,908011,357,0,10
6,1410,91,1775.324,908967,358,0,91
6,1411,51,1776.84,909743,358,0,51
6,1412,210,1777.482,910072,358,0,210
6,1413,20,1778.373,910528,358,0,20
6,1414,91,1780.424,911578,359,0,91
6,1415,53,1781.941,912355,359,0,53
6,1416,210,1782.607,912696,359,0,210
6,1417,10,1783.508,913157,359,0,10
6,1418,93,1785.457,914155,360,0,93
6,1419,51,1786.975,914932,360,0,51
6,1420,210,1787.361,915130,360,0,210
6,1421,20,1788.258,915589,360,0,20
6,1422,91,1790.525,916750,361,0,91
6,1423,52,1792.041,917526,361,0,52
6,1424,200,1792.801,917915,361,0,200
6,1425,20,1793.742,918397,361,0,20
6,1426,92,1795.426,919259,362,0,92
6,1427,52,1796.941,920035,362,0,52
6,1428,210,1797.568,920356,362,0,210
6,1429,110,1798.508,920837,362,0,110
6,1430,94,1800.209,921708,363,0,94
6,1431,51,1801.727,922485,363,0,51
6,1432,210,1802.088,922670,363,0,210
6,1433,110,1802.977,923125,363,0,110
6,1434,94,1804.859,924089,364,0,94
6,1435,52,1806.377,924866,364,0,52
6,1436,210,1806.738,925051,364,0,210
6,1437,110,1807.643,925514,364,0,110
6,1438,93,1809.977,926709,365,0,93
6,1439,53,1811.492,927485,365,0,53
6,1440,200,1812.189,927842,365,0,200
6,1441,10,1813.143,928330,365,0,10
6,1442,94,1814.893,929226,366,0,94
6,1443,51,1816.41,930003,366,0,51
6,1444,200,1816.969,930289,366,0,200
6,1445,10,1817.877,930754,366,0,10
6,1446,92,1819.895,931787,367,0,92
6,1447,51,1821.41,932563,367,0,51
6,1448,210,1822.268,933002,367,0,210
6,1449,110,1823.193,933476,367,0,110
6,1450,94,1824.711,934253,368,0,94
6,1451,53,1826.229,935030,368,0,53
6,1452,210,1826.787,935316,368,0,210
6,1453,110,1827.695,935781,368,0,110
6,1454,91,1829.611,936762,369,0,91
6,1455,51,1831.129,937539,369,0,51
6,1456,210,1831.539,937749,369,0,210
6,1457,20,1832.428,938204,369,0,20
6,1458,93,1834.545,939288,370,0,93
6,1459,51,1836.062,940065,370,0,51
6,1460,210,1836.492,940285,370,0,210
6,1461,20,1837.412,940756,370,0,20
6,1462,92,1839.646,941900,371,0,92
6,1463,51,1841.162,942676,371,0,51
6,1464,210,1841.643,942922,371,0,210
6,1465,110,1842.529,943376,371,0,110
6,1466,94,1844.297,944281,372,0,94
6,1467,52,1845.812,945057,372,0,52
6,1468,210,1846.516,945417,372,0,210
6,1469,110,1847.447,945894,372,0,110
6,1470,92,1849.264,946824,373,0,92
6,1471,53,1850.779,947600,373,0,53
6,1472,200,1851.395,947915,373,0,200
6,1473,110,1852.312,948385,373,0,110
6,1474,91,1854.08,949290,374,0,91
6,1475,52,1855.598,950067,374,0,52
6,1476,210,1856.273,950413,374,0,210
6,1477,20,1857.164,950869,374,0,20
6,1478,91,1859.215,951919,375,0,91
6,1479,53,1860.73,952695,375,0,53
6,1480,210,1861.447,953062,375,0,210
6,1481,10,1862.381,953540,375,0,10
6,1482,-99,1866.88,955843.5,NA,0,-99
6,1483,91,1871.379,958147,376,0,91
6,1484,51,1872.895,958923,376,0,51
6,1485,210,1873.494,959230,376,0,210
6,1486,20,1874.412,959700,376,0,20
6,1487,91,1876.162,960596,377,0,91
6,1488,53,1877.678,961372,377,0,53
6,1489,210,1878.203,961641,377,0,210
6,1490,10,1879.096,962098,377,0,10
6,1491,94,1881.262,963207,378,0,94
6,1492,52,1882.779,963984,378,0,52
6,1493,210,1883.273,964237,378,0,210
6,1494,110,1884.213,964718,378,0,110
6,1495,92,1886.246,965759,379,0,92
6,1496,51,1887.762,966535,379,0,51
6,1497,210,1888.174,966746,379,0,210
6,1498,10,1889.062,967201,379,0,10
6,1499,91,1891.146,968268,380,0,91
6,1500,53,1892.664,969045,380,0,53
6,1501,210,1893.156,969297,380,0,210
6,1502,10,1894.047,969753,380,0,10
6,1503,93,1896.08,970794,381,0,93
6,1504,52,1897.598,971571,381,0,52
6,1505,210,1898.01,971782,381,0,210
6,1506,20,1898.93,972253,381,0,20
6,1507,91,1901.098,973363,382,0,91
6,1508,52,1902.613,974139,382,0,52
6,1509,210,1903.16,974419,382,0,210
6,1510,20,1904.047,974873,382,0,20
6,1511,94,1905.898,975821,383,0,94
6,1512,51,1907.414,976597,383,0,51
6,1513,210,1907.928,976860,383,0,210
6,1514,110,1908.865,977340,383,0,110
6,1515,91,1911.031,978449,384,0,91
6,1516,53,1912.549,979226,384,0,53
6,1517,210,1913.215,979567,384,0,210
6,1518,20,1914.131,980036,384,0,20
6,1519,91,1915.732,980856,385,0,91
6,1520,52,1917.248,981632,385,0,52
6,1521,210,1917.834,981932,385,0,210
6,1522,20,1918.766,982409,385,0,20
6,1523,91,1920.699,983399,386,0,91
6,1524,52,1922.215,984175,386,0,52
6,1525,210,1922.834,984492,386,0,210
6,1526,20,1923.732,984952,386,0,20
6,1527,92,1925.766,985993,387,0,92
6,1528,53,1927.283,986770,387,0,53
6,1529,210,1927.787,987028,387,0,210
6,1530,110,1928.666,987478,387,0,110
6,1531,93,1930.617,988477,388,0,93
6,1532,52,1932.133,989253,388,0,52
6,1533,210,1932.711,989549,388,0,210
6,1534,20,1933.633,990021,388,0,20
6,1535,93,1935.566,991011,389,0,93
6,1536,52,1937.084,991788,389,0,52
6,1537,210,1937.496,991999,389,0,210
6,1538,20,1938.4,992462,389,0,20
6,1539,92,1940.602,993589,390,0,92
6,1540,53,1942.117,994365,390,0,53
6,1541,210,1942.898,994765,390,0,210
6,1542,110,1943.801,995227,390,0,110
6,1543,94,1945.752,996226,391,0,94
6,1544,52,1947.268,997002,391,0,52
6,1545,210,1947.629,997187,391,0,210
6,1546,110,1948.551,997659,391,0,110
6,1547,92,1950.869,998846,392,0,92
6,1548,51,1952.385,999622,392,0,51
6,1549,200,1953.277,1000079,392,0,200
6,1550,110,1954.186,1000544,392,0,110
6,1551,94,1955.77,1001355,393,0,94
6,1552,53,1957.285,1002131,393,0,53
6,1553,200,1957.82,1002405,393,0,200
6,1554,10,1958.701,1002856,393,0,10
6,1555,91,1960.752,1003906,394,0,91
6,1556,51,1962.27,1004683,394,0,51
6,1557,210,1963.006,1005060,394,0,210
6,1558,20,1963.902,1005519,394,0,20
6,1559,91,1965.469,1006321,395,0,91
6,1560,52,1966.986,1007098,395,0,52
6,1561,200,1967.662,1007444,395,0,200
6,1562,20,1968.604,1007926,395,0,20
6,1563,91,1970.119,1008702,396,0,91
6,1564,51,1971.637,1009479,396,0,51
6,1565,200,1972.34,1009839,396,0,200
6,1566,20,1973.27,1010315,396,0,20
6,1567,91,1975.236,1011322,397,0,91
6,1568,52,1976.754,1012099,397,0,52
6,1569,200,1977.666,1012566,397,0,200
6,1570,20,1978.57,1013029,397,0,20
6,1571,91,1980.205,1013866,398,0,91
6,1572,53,1981.721,1014642,398,0,53
6,1573,210,1982.475,1015028,398,0,210
6,1574,20,1983.422,1015513,398,0,20
6,1575,93,1984.938,1016289,399,0,93
6,1576,51,1986.455,1017066,399,0,51
6,1577,210,1987.201,1017448,399,0,210
6,1578,20,1988.105,1017911,399,0,20
6,1579,93,1989.654,1018704,400,0,93
6,1580,51,1991.172,1019481,400,0,51
6,1581,200,1991.74,1019772,400,0,200
6,1582,10,1992.654,1020240,400,0,10
6,1583,93,1994.689,1021282,401,0,93
6,1584,52,1996.205,1022058,401,0,52
6,1585,210,1996.789,1022357,401,0,210
6,1586,20,1997.723,1022835,401,0,20
6,1587,91,1999.539,1023765,402,0,91
6,1588,53,2001.057,1024542,402,0,53
6,1589,210,2001.631,1024836,402,0,210
6,1590,10,2002.523,1025293,402,0,10
6,1591,94,2004.473,1026291,403,0,94
6,1592,51,2005.99,1027068,403,0,51
6,1593,210,2006.461,1027309,403,0,210
6,1594,110,2007.424,1027802,403,0,110
6,1595,91,2009.523,1028877,404,0,91
6,1596,51,2011.041,1029654,404,0,51
6,1597,200,2011.635,1029958,404,0,200
6,1598,10,2012.541,1030422,404,0,10
6,1599,91,2014.441,1031395,405,0,91
6,1600,53,2015.957,1032171,405,0,53
6,1601,200,2016.707,1032555,405,0,200
6,1602,10,2017.641,1033033,405,0,10
6,1603,93,2019.408,1033938,406,0,93
6,1604,52,2020.924,1034714,406,0,52
6,1605,210,2021.576,1035048,406,0,210
6,1606,20,2022.475,1035508,406,0,20
6,1607,94,2024.291,1036438,407,0,94
6,1608,52,2025.809,1037215,407,0,52
6,1609,210,2026.545,1037592,407,0,210
6,1610,110,2027.475,1038068,407,0,110
6,1611,92,2029.393,1039050,408,0,92
6,1612,51,2030.908,1039826,408,0,51
6,1613,210,2031.666,1040214,408,0,210
6,1614,10,2032.576,1040680,408,0,10
6,1615,92,2034.059,1041439,409,0,92
6,1616,51,2035.576,1042216,409,0,51
6,1617,210,2036.533,1042706,409,0,210
6,1618,110,2037.51,1043206,409,0,110
6,1619,94,2039.025,1043982,410,0,94
6,1620,52,2040.543,1044759,410,0,52
6,1621,210,2040.926,1044955,410,0,210
6,1622,110,2041.844,1045425,410,0,110
6,1623,93,2044.01,1046534,411,0,93
6,1624,52,2045.525,1047310,411,0,52
6,1625,210,2046.25,1047681,411,0,210
6,1626,20,2047.209,1048172,411,0,20
6,1627,92,2048.811,1048992,412,0,92
6,1628,52,2050.326,1049768,412,0,52
6,1629,210,2051.008,1050117,412,0,210
6,1630,110,2051.895,1050571,412,0,110
6,1631,94,2053.711,1051501,413,0,94
6,1632,52,2055.227,1052277,413,0,52
6,1633,210,2055.871,1052607,413,0,210
6,1634,110,2056.777,1053071,413,0,110
6,1635,93,2058.594,1054001,414,0,93
6,1636,53,2060.111,1054778,414,0,53
6,1637,210,2060.865,1055164,414,0,210
6,1638,20,2061.811,1055648,414,0,20
6,1639,93,2063.645,1056587,415,0,93
6,1640,52,2065.162,1057364,415,0,52
6,1641,210,2065.775,1057678,415,0,210
6,1642,20,2066.662,1058132,415,0,20
6,1643,94,2068.412,1059028,416,0,94
6,1644,53,2069.928,1059804,416,0,53
6,1645,200,2070.799,1060250,416,0,200
6,1646,10,2071.729,1060726,416,0,10
6,1647,91,2073.328,1061545,417,0,91
6,1648,51,2074.846,1062322,417,0,51
6,1649,210,2075.562,1062689,417,0,210
6,1650,20,2076.43,1063133,417,0,20
6,1651,91,2078.412,1064148,418,0,91
6,1652,53,2079.93,1064925,418,0,53
6,1653,210,2080.545,1065240,418,0,210
6,1654,20,2081.463,1065710,418,0,20
6,1655,91,2083.43,1066717,419,0,91
6,1656,52,2084.947,1067494,419,0,52
6,1657,210,2085.693,1067876,419,0,210
6,1658,20,2086.596,1068338,419,0,20
6,1659,91,2088.43,1069277,420,0,91
6,1660,51,2089.947,1070054,420,0,51
6,1661,210,2090.588,1070382,420,0,210
6,1662,20,2091.48,1070839,420,0,20
6,1663,91,2093.447,1071846,421,0,91
6,1664,52,2094.965,1072623,421,0,52
6,1665,210,2095.564,1072930,421,0,210
6,1666,20,2096.48,1073399,421,0,20
6,1667,93,2098.215,1074287,422,0,93
6,1668,51,2099.73,1075063,422,0,51
6,1669,210,2100.229,1075318,422,0,210
6,1670,20,2101.115,1075772,422,0,20
6,1671,93,2103.115,1076796,423,0,93
6,1672,51,2104.631,1077572,423,0,51
6,1673,210,2105.197,1077862,423,0,210
6,1674,20,2106.098,1078323,423,0,20
6,1675,91,2107.932,1079262,424,0,91
6,1676,53,2109.449,1080039,424,0,53
6,1677,200,2110.332,1080491,424,0,200
6,1678,20,2111.248,1080960,424,0,20
6,1679,93,2112.648,1081677,425,0,93
6,1680,52,2114.166,1082454,425,0,52
6,1681,210,2114.736,1082746,425,0,210
6,1682,20,2115.633,1083205,425,0,20
6,1683,94,2117.648,1084237,426,0,94
6,1684,51,2119.166,1085014,426,0,51
6,1685,210,2119.771,1085324,426,0,210
6,1686,110,2120.666,1085782,426,0,110
6,1687,93,2122.316,1086627,427,0,93
6,1688,53,2123.834,1087404,427,0,53
6,1689,210,2124.561,1087776,427,0,210
6,1690,20,2125.467,1088240,427,0,20
6,1691,93,2127.117,1089085,428,0,93
6,1692,52,2128.633,1089861,428,0,52
6,1693,200,2129.264,1090184,428,0,200
6,1694,10,2130.168,1090647,428,0,10
6,1695,92,2131.918,1091543,429,0,92
6,1696,53,2133.434,1092319,429,0,53
6,1697,210,2133.951,1092584,429,0,210
6,1698,110,2134.9,1093070,429,0,110
6,1699,92,2136.785,1094035,430,0,92
6,1700,51,2138.301,1094811,430,0,51
6,1701,210,2138.922,1095129,430,0,210
6,1702,110,2139.801,1095579,430,0,110
6,1703,91,2141.652,1096527,431,0,91
6,1704,51,2143.168,1097303,431,0,51
6,1705,210,2143.762,1097607,431,0,210
6,1706,20,2144.668,1098071,431,0,20
6,1707,94,2146.785,1099155,432,0,94
6,1708,53,2148.303,1099932,432,0,53
6,1709,210,2148.855,1100215,432,0,210
6,1710,110,2149.752,1100674,432,0,110
6,1711,93,2151.803,1101724,433,0,93
6,1712,51,2153.318,1102500,433,0,51
6,1713,210,2153.975,1102836,433,0,210
6,1714,20,2154.869,1103294,433,0,20
6,1715,92,2156.619,1104190,434,0,92
6,1716,51,2158.137,1104967,434,0,51
6,1717,200,2158.861,1105338,434,0,200
6,1718,110,2159.77,1105803,434,0,110
6,1719,94,2161.67,1106776,435,0,94
6,1720,51,2163.188,1107553,435,0,51
6,1721,200,2163.855,1107895,435,0,200
6,1722,10,2164.754,1108355,435,0,10
6,1723,92,2166.453,1109225,436,0,92
6,1724,51,2167.971,1110002,436,0,51
6,1725,210,2168.449,1110247,436,0,210
6,1726,10,2169.354,1110710,436,0,10
6,1727,93,2171.338,1111726,437,0,93
6,1728,53,2172.854,1112502,437,0,53
6,1729,200,2173.613,1112891,437,0,200
6,1730,10,2174.537,1113364,437,0,10
6,1731,92,2176.271,1114252,438,0,92
6,1732,51,2177.787,1115028,438,0,51
6,1733,210,2178.633,1115461,438,0,210
6,1734,110,2179.521,1115916,438,0,110
6,1735,91,2181.205,1116778,439,0,91
6,1736,53,2182.721,1117554,439,0,53
6,1737,210,2183.486,1117946,439,0,210
6,1738,10,2184.389,1118408,439,0,10
6,1739,91,2185.988,1119227,440,0,91
6,1740,51,2187.506,1120004,440,0,51
6,1741,200,2188.139,1120328,440,0,200
6,1742,20,2189.072,1120806,440,0,20
6,1743,91,2190.738,1121659,441,0,91
6,1744,53,2192.256,1122436,441,0,53
6,1745,210,2192.877,1122754,441,0,210
6,1746,10,2193.789,1123221,441,0,10
6,1747,93,2195.457,1124075,442,0,93
6,1748,52,2196.973,1124851,442,0,52
6,1749,200,2197.578,1125161,442,0,200
6,1750,10,2198.506,1125636,442,0,10
6,1751,91,2200.289,1126549,443,0,91
6,1752,53,2201.807,1127326,443,0,53
6,1753,200,2202.486,1127674,443,0,200
6,1754,20,2203.406,1128145,443,0,20
6,1755,93,2205.373,1129152,444,0,93
6,1756,52,2206.891,1129929,444,0,52
6,1757,210,2207.459,1130220,444,0,210
6,1758,20,2208.357,1130680,444,0,20
6,1759,93,2210.207,1131627,445,0,93
6,1760,51,2211.725,1132404,445,0,51
6,1761,210,2212.479,1132790,445,0,210
6,1762,20,2213.424,1133274,445,0,20
6,1763,91,2214.975,1134068,446,0,91
6,1764,52,2216.49,1134844,446,0,52
6,1765,210,2217.184,1135199,446,0,210
6,1766,10,2218.092,1135664,446,0,10
6,1767,93,2219.975,1136628,447,0,93
6,1768,52,2221.492,1137405,447,0,52
6,1769,210,2222.389,1137864,447,0,210
6,1770,10,2223.275,1138318,447,0,10
6,1771,91,2224.793,1139095,448,0,91
6,1772,51,2226.309,1139871,448,0,51
6,1773,210,2226.918,1140183,448,0,210
6,1774,20,2227.826,1140648,448,0,20
6,1775,94,2229.926,1141723,449,0,94
6,1776,51,2231.443,1142500,449,0,51
6,1777,210,2232.01,1142790,449,0,210
6,1778,110,2232.91,1143251,449,0,110
6,1779,94,2235.076,1144360,450,0,94
6,1780,53,2236.594,1145137,450,0,53
6,1781,210,2237.15,1145422,450,0,210
6,1782,110,2238.043,1145879,450,0,110
6,1783,-99,2242.542,1148182.5,NA,0,-99
6,1784,92,2247.041,1150486,451,0,92
6,1785,51,2248.559,1151263,451,0,51
6,1786,210,2249.273,1151629,451,0,210
6,1787,110,2250.209,1152108,451,0,110
6,1788,91,2252.109,1153081,452,0,91
6,1789,53,2253.625,1153857,452,0,53
6,1790,210,2254.229,1154166,452,0,210
6,1791,10,2255.125,1154625,452,0,10
6,1792,92,2256.992,1155581,453,0,92
6,1793,51,2258.51,1156358,453,0,51
6,1794,210,2259.127,1156674,453,0,210
6,1795,110,2260.061,1157152,453,0,110
6,1796,92,2261.777,1158031,454,0,92
6,1797,53,2263.293,1158807,454,0,53
6,1798,210,2264.188,1159265,454,0,210
6,1799,110,2265.094,1159729,454,0,110
6,1800,94,2266.877,1160642,455,0,94
6,1801,52,2268.395,1161419,455,0,52
6,1802,210,2268.846,1161650,455,0,210
6,1803,110,2269.76,1162118,455,0,110
6,1804,94,2271.828,1163177,456,0,94
6,1805,52,2273.344,1163953,456,0,52
6,1806,210,2273.703,1164137,456,0,210
6,1807,110,2274.627,1164610,456,0,110
6,1808,91,2276.795,1165720,457,0,91
6,1809,52,2278.311,1166496,457,0,52
6,1810,200,2278.715,1166703,457,0,200
6,1811,10,2279.629,1167171,457,0,10
6,1812,92,2281.879,1168323,458,0,92
6,1813,52,2283.395,1169099,458,0,52
6,1814,210,2284.047,1169433,458,0,210
6,1815,110,2284.979,1169910,458,0,110
6,1816,92,2286.812,1170849,459,0,92
6,1817,52,2288.328,1171625,459,0,52
6,1818,210,2288.703,1171817,459,0,210
6,1819,110,2289.611,1172282,459,0,110
6,1820,91,2291.945,1173477,460,0,91
6,1821,51,2293.463,1174254,460,0,51
6,1822,210,2293.82,1174437,460,0,210
6,1823,20,2294.729,1174902,460,0,20
6,1824,94,2297.062,1176097,461,0,94
6,1825,52,2298.58,1176874,461,0,52
6,1826,210,2299.084,1177132,461,0,210
6,1827,110,2299.963,1177582,461,0,110
6,1828,94,2301.713,1178478,462,0,94
6,1829,53,2303.23,1179255,462,0,53
6,1830,210,2303.793,1179543,462,0,210
6,1831,110,2304.68,1179997,462,0,110
6,1832,93,2306.363,1180859,463,1,-999
6,1833,51,2307.881,1181636,463,1,-999
6,1834,10,2309.715,1182575,463,1,-999
6,1835,92,2311.164,1183317,464,0,92
6,1836,51,2312.682,1184094,464,0,51
6,1837,210,2313.189,1184354,464,0,210
6,1838,110,2314.098,1184819,464,0,110
6,1839,94,2316.049,1185818,465,0,94
6,1840,52,2317.564,1186594,465,0,52
6,1841,200,2318.076,1186856,465,0,200
6,1842,10,2318.98,1187319,465,0,10
6,1843,94,2320.781,1188241,466,0,94
6,1844,51,2322.299,1189018,466,0,51
6,1845,210,2322.676,1189211,466,0,210
6,1846,110,2323.615,1189692,466,0,110
6,1847,92,2325.916,1190870,467,0,92
6,1848,52,2327.432,1191646,467,0,52
6,1849,210,2327.805,1191837,467,0,210
6,1850,110,2328.699,1192295,467,0,110
6,1851,92,2330.615,1193276,468,0,92
6,1852,52,2332.133,1194053,468,0,52
6,1853,210,2332.855,1194423,468,0,210
6,1854,10,2333.75,1194881,468,0,10
6,1855,94,2335.617,1195837,469,0,94
6,1856,53,2337.133,1196613,469,0,53
6,1857,210,2337.578,1196841,469,0,210
6,1858,110,2338.467,1197296,469,0,110
6,1859,94,2340.551,1198363,470,0,94
6,1860,52,2342.066,1199139,470,0,52
6,1861,200,2342.676,1199451,470,0,200
6,1862,10,2343.566,1199907,470,0,10
6,1863,92,2345.217,1200752,471,0,92
6,1864,51,2346.734,1201529,471,0,51
6,1865,210,2347.221,1201778,471,0,210
6,1866,110,2348.102,1202229,471,0,110
6,1867,94,2349.918,1203159,472,0,94
6,1868,51,2351.434,1203935,472,0,51
6,1869,200,2352.242,1204349,472,0,200
6,1870,10,2353.135,1204806,472,0,10
6,1871,92,2354.719,1205617,473,0,92
6,1872,53,2356.234,1206393,473,0,53
6,1873,200,2356.705,1206634,473,0,200
6,1874,110,2357.602,1207093,473,0,110
6,1875,92,2359.484,1208057,474,0,92
6,1876,51,2361.002,1208834,474,0,51
6,1877,200,2361.869,1209278,474,0,200
6,1878,110,2362.77,1209739,474,0,110
6,1879,94,2364.469,1210609,475,0,94
6,1880,52,2365.986,1211386,475,0,52
6,1881,210,2366.59,1211695,475,0,210
6,1882,110,2367.52,1212171,475,0,110
6,1883,94,2369.486,1213178,476,0,94
6,1884,52,2371.002,1213954,476,0,52
6,1885,210,2371.627,1214274,476,0,210
6,1886,110,2372.52,1214731,476,0,110
6,1887,92,2374.236,1215610,477,0,92
6,1888,53,2375.754,1216387,477,0,53
6,1889,210,2376.559,1216799,477,0,210
6,1890,110,2377.52,1217291,477,0,110
6,1891,94,2379.254,1218179,478,0,94
6,1892,52,2380.77,1218955,478,0,52
6,1893,210,2381.598,1219379,478,0,210
6,1894,10,2382.471,1219826,478,0,10
6,1895,91,2383.971,1220594,479,0,91
6,1896,53,2385.486,1221370,479,0,53
6,1897,210,2386.082,1221675,479,0,210
6,1898,20,2386.971,1222130,479,0,20
6,1899,93,2388.904,1223120,480,0,93
6,1900,52,2390.422,1223897,480,0,52
6,1901,210,2391.111,1224250,480,0,210
6,1902,20,2392.021,1224716,480,0,20
6,1903,92,2394.004,1225731,481,0,92
6,1904,51,2395.521,1226508,481,0,51
6,1905,200,2396.436,1226976,481,0,200
6,1906,110,2397.355,1227447,481,0,110
6,1907,91,2398.771,1228172,482,0,91
6,1908,52,2400.289,1228949,482,0,52
6,1909,210,2400.938,1229281,482,0,210
6,1910,10,2401.838,1229742,482,0,10
6,1911,93,2403.84,1230767,483,0,93
6,1912,51,2405.355,1231543,483,0,51
6,1913,210,2405.945,1231845,483,0,210
6,1914,20,2406.822,1232294,483,0,20
6,1915,91,2408.689,1233250,484,0,91
6,1916,52,2410.207,1234027,484,0,52
6,1917,210,2410.783,1234322,484,0,210
6,1918,20,2411.689,1234786,484,0,20
6,1919,94,2413.623,1235776,485,0,94
6,1920,53,2415.141,1236553,485,0,53
6,1921,210,2415.543,1236759,485,0,210
6,1922,110,2416.457,1237227,485,0,110
6,1923,94,2418.523,1238285,486,0,94
6,1924,52,2420.041,1239062,486,0,52
6,1925,210,2420.605,1239351,486,0,210
6,1926,110,2421.49,1239804,486,0,110
6,1927,91,2423.625,1240897,487,0,91
6,1928,51,2425.141,1241673,487,0,51
6,1929,200,2425.74,1241980,487,0,200
6,1930,20,2426.674,1242458,487,0,20
6,1931,93,2428.391,1243337,488,0,93
6,1932,53,2429.908,1244114,488,0,53
6,1933,210,2430.408,1244370,488,0,210
6,1934,20,2431.324,1244839,488,0,20
6,1935,94,2433.059,1245727,489,0,94
6,1936,52,2434.574,1246503,489,0,52
6,1937,210,2435.1,1246772,489,0,210
6,1938,110,2435.992,1247229,489,0,110
6,1939,91,2438.025,1248270,490,0,91
6,1940,53,2439.543,1249047,490,0,53
6,1941,200,2440.156,1249361,490,0,200
6,1942,20,2441.059,1249823,490,0,20
6,1943,93,2443.059,1250847,491,0,93
6,1944,52,2444.576,1251624,491,0,52
6,1945,210,2445.1,1251892,491,0,210
6,1946,20,2446.01,1252358,491,0,20
6,1947,92,2447.775,1253262,492,0,92
6,1948,53,2449.293,1254039,492,0,53
6,1949,210,2449.932,1254366,492,0,210
6,1950,110,2450.844,1254833,492,0,110
6,1951,92,2452.494,1255678,493,0,92
6,1952,52,2454.01,1256454,493,0,52
6,1953,210,2454.584,1256748,493,0,210
6,1954,110,2455.51,1257222,493,0,110
6,1955,93,2457.428,1258204,494,0,93
6,1956,52,2458.943,1258980,494,0,52
6,1957,210,2459.615,1259324,494,0,210
6,1958,20,2460.51,1259782,494,0,20
6,1959,93,2462.443,1260772,495,0,93
6,1960,53,2463.961,1261549,495,0,53
6,1961,210,2464.578,1261865,495,0,210
6,1962,20,2465.461,1262317,495,0,20
6,1963,92,2467.479,1263350,496,0,92
6,1964,52,2468.994,1264126,496,0,52
6,1965,210,2469.535,1264403,496,0,210
6,1966,110,2470.428,1264860,496,0,110
6,1967,94,2472.195,1265765,497,0,94
6,1968,51,2473.711,1266541,497,0,51
6,1969,210,2474.484,1266937,497,0,210
6,1970,10,2475.412,1267412,497,0,10
6,1971,91,2477.096,1268274,498,0,91
6,1972,52,2478.611,1269050,498,0,52
6,1973,210,2478.715,1269103,498,0,210
6,1974,10,2479.629,1269571,498,0,10
6,1975,92,2481.912,1270740,499,0,92
6,1976,51,2483.43,1271517,499,0,51
6,1977,200,2483.998,1271808,499,0,200
6,1978,110,2484.93,1272285,499,0,110
6,1979,94,2486.562,1273121,500,0,94
6,1980,51,2488.08,1273898,500,0,51
6,1981,210,2488.732,1274232,500,0,210
6,1982,110,2489.629,1274691,500,0,110
6,1983,91,2491.596,1275698,501,0,91
6,1984,52,2493.113,1276475,501,0,52
6,1985,210,2493.627,1276738,501,0,210
6,1986,20,2494.547,1277209,501,0,20
6,1987,91,2496.73,1278327,502,0,91
6,1988,52,2498.248,1279104,502,0,52
6,1989,210,2498.812,1279393,502,0,210
6,1990,20,2499.715,1279855,502,0,20
6,1991,94,2501.848,1280947,503,0,94
6,1992,52,2503.365,1281724,503,0,52
6,1993,200,2504.211,1282157,503,0,200
6,1994,10,2505.131,1282628,503,0,10
6,1995,93,2506.564,1283362,504,0,93
6,1996,52,2508.082,1284139,504,0,52
6,1997,210,2508.537,1284372,504,0,210
6,1998,20,2509.447,1284838,504,0,20
6,1999,91,2511.299,1285786,505,0,91
6,2000,53,2512.814,1286562,505,0,53
6,2001,210,2513.521,1286924,505,0,210
6,2002,20,2514.432,1287390,505,0,20
6,2003,91,2516.332,1288363,506,0,91
6,2004,51,2517.85,1289140,506,0,51
6,2005,200,2518.574,1289511,506,0,200
6,2006,20,2519.482,1289976,506,0,20
6,2007,94,2521.365,1290940,507,0,94
6,2008,51,2522.883,1291717,507,0,51
6,2009,210,2523.564,1292066,507,0,210
6,2010,110,2524.482,1292536,507,0,110
6,2011,94,2526.166,1293398,508,0,94
6,2012,51,2527.684,1294175,508,0,51
6,2013,210,2528.043,1294359,508,0,210
6,2014,110,2528.934,1294815,508,0,110
6,2015,94,2530.883,1295813,509,0,94
6,2016,53,2532.4,1296590,509,0,53
6,2017,210,2532.867,1296829,509,0,210
6,2018,110,2533.816,1297315,509,0,110
6,2019,91,2535.85,1298356,510,0,91
6,2020,51,2537.367,1299133,510,0,51
6,2021,200,2538.125,1299521,510,0,200
6,2022,20,2539.018,1299978,510,0,20
6,2023,94,2540.584,1300780,511,0,94
6,2024,51,2542.102,1301557,511,0,51
6,2025,210,2542.477,1301749,511,0,210
6,2026,110,2543.385,1302214,511,0,110
6,2027,92,2545.318,1303204,512,0,92
6,2028,51,2546.834,1303980,512,0,51
6,2029,200,2547.445,1304293,512,0,200
6,2030,110,2548.352,1304757,512,0,110
6,2031,94,2550.418,1305815,513,0,94
6,2032,51,2551.936,1306592,513,0,51
6,2033,200,2552.707,1306987,513,0,200
6,2034,10,2553.635,1307462,513,0,10
6,2035,92,2555.186,1308256,514,0,92
6,2036,52,2556.703,1309033,514,0,52
6,2037,200,2557.537,1309460,514,0,200
6,2038,10,2558.502,1309954,514,0,10
6,2039,93,2560.186,1310816,515,0,93
6,2040,51,2561.703,1311593,515,0,51
6,2041,210,2562.281,1311889,515,0,210
6,2042,20,2563.17,1312344,515,0,20
6,2043,92,2565.186,1313376,516,0,92
6,2044,53,2566.703,1314153,516,0,53
6,2045,210,2567.238,1314427,516,0,210
6,2046,10,2568.119,1314878,516,0,10
6,2047,92,2570.27,1315979,517,0,92
6,2048,52,2571.787,1316756,517,0,52
6,2049,200,2572.473,1317107,517,0,200
6,2050,110,2573.438,1317601,517,0,110
6,2051,91,2575.154,1318480,518,0,91
6,2052,52,2576.67,1319256,518,0,52
6,2053,210,2576.922,1319385,518,0,210
6,2054,10,2577.805,1319837,518,0,10
6,2055,91,2580.221,1321074,519,0,91
6,2056,53,2581.738,1321851,519,0,53
6,2057,200,2582.252,1322114,519,0,200
6,2058,20,2583.139,1322568,519,0,20
6,2059,93,2585.322,1323686,520,0,93
6,2060,52,2586.838,1324462,520,0,52
6,2061,210,2587.482,1324792,520,0,210
6,2062,20,2588.371,1325247,520,0,20
6,2063,91,2590.055,1326109,521,0,91
6,2064,53,2591.572,1326886,521,0,53
6,2065,210,2592.205,1327210,521,0,210
6,2066,20,2593.121,1327679,521,0,20
6,2067,91,2594.939,1328610,522,0,91
6,2068,52,2596.455,1329386,522,0,52
6,2069,210,2597.336,1329837,522,0,210
6,2070,20,2598.256,1330308,522,0,20
6,2071,94,2599.84,1331119,523,0,94
6,2072,52,2601.355,1331895,523,0,52
6,2073,210,2601.99,1332220,523,0,210
6,2074,110,2602.889,1332680,523,0,110
6,2075,94,2604.906,1333713,524,0,94
6,2076,52,2606.424,1334490,524,0,52
6,2077,210,2606.873,1334720,524,0,210
6,2078,110,2607.773,1335181,524,0,110
6,2079,92,2609.773,1336205,525,0,92
6,2080,53,2611.291,1336982,525,0,53
6,2081,210,2611.988,1337339,525,0,210
6,2082,10,2612.941,1337827,525,0,10
6,2083,-99,2617.44,1340130.5,NA,0,-99
6,2084,92,2621.939,1342434,526,0,92
6,2085,51,2623.457,1343211,526,0,51
6,2086,200,2624.117,1343549,526,0,200
6,2087,110,2625.023,1344013,526,0,110
6,2088,94,2626.623,1344832,527,0,94
6,2089,53,2628.141,1345609,527,0,53
6,2090,210,2628.574,1345831,527,0,210
6,2091,110,2629.475,1346292,527,0,110
6,2092,92,2631.375,1347265,528,0,92
6,2093,51,2632.891,1348041,528,0,51
6,2094,210,2633.59,1348399,528,0,210
6,2095,110,2634.508,1348869,528,0,110
6,2096,94,2636.025,1349646,529,0,94
6,2097,53,2637.541,1350422,529,0,53
6,2098,200,2638.193,1350756,529,0,200
6,2099,10,2639.092,1351216,529,0,10
6,2100,91,2641.092,1352240,530,0,91
6,2101,51,2642.609,1353017,530,0,51
6,2102,200,2643.439,1353442,530,0,200
6,2103,20,2644.359,1353913,530,0,20
6,2104,94,2645.742,1354621,531,0,94
6,2105,53,2647.26,1355398,531,0,53
6,2106,210,2647.992,1355773,531,0,210
6,2107,110,2648.875,1356225,531,0,110
6,2108,91,2650.709,1357164,532,0,91
6,2109,52,2652.227,1357941,532,0,52
6,2110,210,2652.99,1358332,532,0,210
6,2111,20,2653.926,1358811,532,0,20
6,2112,91,2655.576,1359656,533,0,91
6,2113,51,2657.094,1360433,533,0,51
6,2114,210,2657.729,1360758,533,0,210
6,2115,20,2658.627,1361218,533,0,20
6,2116,92,2660.494,1362174,534,0,92
6,2117,52,2662.01,1362950,534,0,52
6,2118,210,2662.688,1363297,534,0,210
6,2119,110,2663.609,1363769,534,0,110
6,2120,92,2665.594,1364785,535,0,92
6,2121,52,2667.111,1365562,535,0,52
6,2122,200,2667.789,1365909,535,0,200
6,2123,110,2668.693,1366372,535,0,110
6,2124,92,2670.262,1367175,536,0,92
6,2125,53,2671.777,1367951,536,0,53
6,2126,210,2672.547,1368345,536,0,210
6,2127,110,2673.428,1368796,536,0,110
6,2128,91,2675.311,1369760,537,0,91
6,2129,52,2676.828,1370537,537,0,52
6,2130,200,2677.527,1370895,537,0,200
6,2131,20,2678.445,1371365,537,0,20
6,2132,94,2680.045,1372184,538,0,94
6,2133,53,2681.562,1372961,538,0,53
6,2134,200,2682.414,1373397,538,0,200
6,2135,10,2683.246,1373823,538,0,10
6,2136,93,2684.879,1374659,539,0,93
6,2137,52,2686.396,1375436,539,0,52
6,2138,210,2687.113,1375803,539,0,210
6,2139,20,2688.029,1376272,539,0,20
6,2140,93,2689.912,1377236,540,0,93
6,2141,51,2691.43,1378013,540,0,51
6,2142,210,2691.902,1378255,540,0,210
6,2143,20,2692.83,1378730,540,0,20
6,2144,92,2694.996,1379839,541,0,92
6,2145,53,2696.514,1380616,541,0,53
6,2146,200,2697.412,1381076,541,0,200
6,2147,110,2698.33,1381546,541,0,110
6,2148,91,2699.98,1382391,542,0,91
6,2149,52,2701.496,1383167,542,0,52
6,2150,200,2702.324,1383591,542,0,200
6,2151,10,2703.197,1384038,542,0,10
6,2152,92,2704.947,1384934,543,0,92
6,2153,52,2706.465,1385711,543,0,52
6,2154,210,2707.096,1386034,543,0,210
6,2155,10,2707.998,1386496,543,0,10
6,2156,94,2709.814,1387426,544,0,94
6,2157,52,2711.332,1388203,544,0,52
6,2158,210,2711.689,1388386,544,0,210
6,2159,110,2712.582,1388843,544,0,110
6,2160,94,2714.932,1390046,545,0,94
6,2161,51,2716.447,1390822,545,0,51
6,2162,210,2716.986,1391098,545,0,210
6,2163,110,2717.898,1391565,545,0,110
6,2164,91,2720.016,1392649,546,0,91
6,2165,53,2721.531,1393425,546,0,53
6,2166,210,2722.355,1393847,546,0,210
6,2167,20,2723.266,1394313,546,0,20
6,2168,91,2724.932,1395166,547,0,91
6,2169,52,2726.449,1395943,547,0,52
6,2170,200,2727.143,1396298,547,0,200
6,2171,20,2728.049,1396762,547,0,20
6,2172,94,2729.6,1397556,548,0,94
6,2173,53,2731.117,1398333,548,0,53
6,2174,210,2731.691,1398627,548,0,210
6,2175,110,2732.584,1399084,548,0,110
6,2176,91,2734.301,1399963,549,0,91
6,2177,52,2735.816,1400739,549,0,52
6,2178,210,2736.555,1401117,549,0,210
6,2179,20,2737.434,1401567,549,0,20
6,2180,92,2739.217,1402480,550,0,92
6,2181,53,2740.734,1403257,550,0,53
6,2182,210,2741.111,1403450,550,0,210
6,2183,110,2742.033,1403922,550,0,110
6,2184,91,2744.135,1404998,551,0,91
6,2185,52,2745.65,1405774,551,0,52
6,2186,210,2746.344,1406129,551,0,210
6,2187,20,2747.234,1406585,551,0,20
6,2188,94,2749.184,1407583,552,0,94
6,2189,52,2750.701,1408360,552,0,52
6,2190,200,2751.432,1408734,552,0,200
6,2191,10,2752.334,1409196,552,0,10
6,2192,94,2753.984,1410041,553,0,94
6,2193,52,2755.502,1410818,553,0,52
6,2194,210,2756.115,1411132,553,0,210
6,2195,110,2757.053,1411612,553,0,110
6,2196,91,2758.869,1412542,554,0,91
6,2197,51,2760.385,1413318,554,0,51
6,2198,210,2761.195,1413733,554,0,210
6,2199,20,2762.102,1414197,554,0,20
6,2200,92,2763.818,1415076,555,0,92
6,2201,53,2765.336,1415853,555,0,53
6,2202,210,2765.689,1416034,555,0,210
6,2203,110,2766.586,1416493,555,0,110
6,2204,92,2768.537,1417492,556,0,92
6,2205,52,2770.053,1418268,556,0,52
6,2206,210,2770.662,1418580,556,0,210
6,2207,110,2771.553,1419036,556,0,110
6,2208,94,2773.637,1420103,557,0,94
6,2209,51,2775.154,1420880,557,0,51
6,2210,210,2775.748,1421184,557,0,210
6,2211,110,2776.688,1421665,557,0,110
6,2212,93,2778.438,1422561,558,0,93
6,2213,51,2779.953,1423337,558,0,51
6,2214,210,2780.686,1423712,558,0,210
6,2215,20,2781.57,1424165,558,0,20
6,2216,94,2783.455,1425130,559,0,94
6,2217,51,2784.971,1425906,559,0,51
6,2218,210,2785.492,1426173,559,0,210
6,2219,110,2786.404,1426640,559,0,110
6,2220,94,2788.504,1427715,560,0,94
6,2221,52,2790.021,1428492,560,0,52
6,2222,200,2790.76,1428870,560,0,200
6,2223,10,2791.654,1429328,560,0,10
6,2224,94,2793.455,1430250,561,0,94
6,2225,51,2794.973,1431027,561,0,51
6,2226,210,2795.537,1431316,561,0,210
6,2227,110,2796.455,1431786,561,0,110
6,2228,91,2798.488,1432827,562,0,91
6,2229,53,2800.006,1433604,562,0,53
6,2230,200,2800.768,1433994,562,0,200
6,2231,20,2801.672,1434457,562,0,20
6,2232,92,2803.49,1435388,563,0,92
6,2233,51,2805.006,1436164,563,0,51
6,2234,210,2805.59,1436463,563,0,210
6,2235,10,2806.473,1436915,563,0,10
6,2236,94,2808.34,1437871,564,0,94
6,2237,52,2809.855,1438647,564,0,52
6,2238,200,2810.516,1438985,564,0,200
6,2239,10,2811.424,1439450,564,0,10
6,2240,93,2813.107,1440312,565,0,93
6,2241,52,2814.623,1441088,565,0,52
6,2242,210,2815.365,1441468,565,0,210
6,2243,20,2816.258,1441925,565,0,20
6,2244,91,2818.023,1442829,566,0,91
6,2245,51,2819.541,1443606,566,0,51
6,2246,200,2820.229,1443958,566,0,200
6,2247,20,2821.158,1444434,566,0,20
6,2248,92,2822.875,1445313,567,0,92
6,2249,52,2824.391,1446089,567,0,52
6,2250,210,2824.912,1446356,567,0,210
6,2251,110,2825.809,1446815,567,0,110
6,2252,92,2827.674,1447770,568,0,92
6,2253,52,2829.191,1448547,568,0,52
6,2254,200,2829.865,1448892,568,0,200
6,2255,110,2830.809,1449375,568,0,110
6,2256,94,2832.742,1450365,569,0,94
6,2257,53,2834.258,1451141,569,0,53
6,2258,210,2834.838,1451438,569,0,210
6,2259,110,2835.725,1451892,569,0,110
6,2260,94,2837.393,1452746,570,0,94
6,2261,52,2838.908,1453522,570,0,52
6,2262,210,2839.529,1453840,570,0,210
6,2263,110,2840.426,1454299,570,0,110
6,2264,94,2842.51,1455366,571,0,94
6,2265,51,2844.025,1456142,571,0,51
6,2266,200,2844.67,1456472,571,0,200
6,2267,10,2845.576,1456936,571,0,10
6,2268,93,2847.377,1457858,572,0,93
6,2269,53,2848.893,1458634,572,0,53
6,2270,210,2849.404,1458896,572,0,210
6,2271,20,2850.293,1459351,572,0,20
6,2272,92,2852.293,1460375,573,0,92
6,2273,51,2853.811,1461152,573,0,51
6,2274,210,2854.473,1461491,573,0,210
6,2275,110,2855.428,1461980,573,0,110
6,2276,93,2856.994,1462782,574,0,93
6,2277,53,2858.512,1463559,574,0,53
6,2278,200,2859.135,1463878,574,0,200
6,2279,10,2859.994,1464318,574,0,10
6,2280,94,2862.061,1465376,575,0,94
6,2281,52,2863.578,1466153,575,0,52
6,2282,200,2864.367,1466557,575,0,200
6,2283,10,2865.211,1466989,575,0,10
6,2284,91,2867.162,1467988,576,0,91
6,2285,52,2868.678,1468764,576,0,52
6,2286,210,2869.24,1469052,576,0,210
6,2287,20,2870.129,1469507,576,0,20
6,2288,91,2872.195,1470565,577,1,-999
6,2289,52,2873.711,1471341,577,1,-999
6,2290,20,2875.545,1472280,577,1,-999
6,2291,91,2877.213,1473134,578,0,91
6,2292,52,2878.729,1473910,578,0,52
6,2293,210,2879.271,1474188,578,0,210
6,2294,20,2880.162,1474644,578,0,20
6,2295,91,2882.029,1475600,579,0,91
6,2296,52,2883.547,1476377,579,0,52
6,2297,210,2883.992,1476605,579,0,210
6,2298,20,2884.912,1477076,579,0,20
6,2299,91,2886.93,1478109,580,0,91
6,2300,52,2888.447,1478886,580,0,52
6,2301,210,2889.143,1479242,580,0,210
6,2302,10,2890.029,1479696,580,0,10
6,2303,91,2891.646,1480524,581,0,91
6,2304,51,2893.164,1481301,581,0,51
6,2305,210,2893.514,1481480,581,0,210
6,2306,10,2894.396,1481932,581,0,10
6,2307,94,2896.664,1483093,582,0,94
6,2308,52,2898.182,1483870,582,0,52
6,2309,210,2898.719,1484145,582,0,210
6,2310,110,2899.598,1484595,582,0,110
6,2311,93,2901.715,1485679,583,0,93
6,2312,53,2903.23,1486455,583,0,53
6,2313,200,2903.975,1486836,583,0,200
6,2314,10,2904.914,1487317,583,0,10
6,2315,92,2906.398,1488077,584,0,92
6,2316,52,2907.914,1488853,584,0,52
6,2317,210,2908.586,1489197,584,0,210
6,2318,10,2909.465,1489647,584,0,10
6,2319,91,2911.166,1490518,585,0,91
6,2320,51,2912.682,1491294,585,0,51
6,2321,210,2913.428,1491676,585,0,210
6,2322,10,2914.35,1492148,585,0,10
6,2323,93,2916.182,1493086,586,0,93
6,2324,53,2917.699,1493863,586,0,53
6,2325,210,2918.178,1494108,586,0,210
6,2326,20,2919.066,1494563,586,0,20
6,2327,94,2920.949,1495527,587,0,94
6,2328,52,2922.467,1496304,587,0,52
6,2329,210,2923.197,1496678,587,0,210
6,2330,110,2924.133,1497157,587,0,110
6,2331,94,2925.967,1498096,588,0,94
6,2332,52,2927.482,1498872,588,0,52
6,2333,210,2928.029,1499152,588,0,210
6,2334,110,2928.934,1499615,588,0,110
6,2335,94,2931.018,1500682,589,0,94
6,2336,51,2932.533,1501458,589,0,51
6,2337,210,2933.133,1501765,589,0,210
6,2338,110,2934.033,1502226,589,0,110
6,2339,94,2936.068,1503268,590,0,94
6,2340,53,2937.584,1504044,590,0,53
6,2341,210,2938.404,1504464,590,0,210
6,2342,10,2939.334,1504940,590,0,10
6,2343,94,2940.752,1505666,591,0,94
6,2344,52,2942.268,1506442,591,0,52
6,2345,210,2942.74,1506684,591,0,210
6,2346,110,2943.617,1507133,591,0,110
6,2347,94,2945.734,1508217,592,0,94
6,2348,51,2947.252,1508994,592,0,51
6,2349,210,2947.658,1509202,592,0,210
6,2350,110,2948.568,1509668,592,0,110
6,2351,92,2950.586,1510701,593,0,92
6,2352,52,2952.102,1511477,593,0,52
6,2353,210,2952.727,1511797,593,0,210
6,2354,110,2953.619,1512254,593,0,110
6,2355,94,2955.27,1513099,594,0,94
6,2356,53,2956.785,1513875,594,0,53
6,2357,210,2957.545,1514264,594,0,210
6,2358,10,2958.486,1514746,594,0,10
6,2359,91,2960.02,1515531,595,0,91
6,2360,52,2961.537,1516308,595,0,52
6,2361,210,2962.109,1516601,595,0,210
6,2362,20,2963.004,1517059,595,0,20
6,2363,92,2964.836,1517997,596,0,92
6,2364,53,2966.354,1518774,596,0,53
6,2365,210,2966.889,1519048,596,0,210
6,2366,110,2967.787,1519508,596,0,110
6,2367,94,2969.486,1520378,597,0,94
6,2368,52,2971.004,1521155,597,0,52
6,2369,210,2971.854,1521590,597,0,210
6,2370,10,2972.736,1522042,597,0,10
6,2371,92,2974.521,1522956,598,0,92
6,2372,51,2976.037,1523732,598,0,51
6,2373,200,2976.752,1524098,598,0,200
6,2374,110,2977.654,1524560,598,0,110
6,2375,91,2979.371,1525439,599,0,91
6,2376,52,2980.889,1526216,599,0,52
6,2377,200,2981.51,1526534,599,0,200
6,2378,10,2982.422,1527001,599,0,10
6,2379,92,2984.404,1528016,600,0,92
6,2380,53,2985.922,1528793,600,0,53
6,2381,210,2986.557,1529118,600,0,210
6,2382,110,2987.439,1529570,600,0,110
